unique_key,created_date,closed_date,agency,complaint_type,descriptor,incident_zip,borough,latitude,longitude,status,resolution_description
59474845,2023-11-17T12:26:00.000,2023-11-17T13:50:00.000,DEP,Sewer,Sewer Backup (Use Comments) (SA),11104,QUEENS,40.73762336078073,-73.92742246377678,Closed,"The Department of Environmental Protection has investigated this complaint. Upon investigation, there was no indication of a city sewer issue and there is a suspected sewer backup due to an internal plumbing issue."
59484261,2023-11-18T20:11:00.000,2023-11-18T21:30:00.000,DEP,Sewer,Sewer Backup (Use Comments) (SA),11412,QUEENS,40.7029152280496,-73.75297936625294,Closed,The Department of Environmental Protection investigated this complaint and found there was no sewer back up in the city system at the time of the inspection.
59489264,2023-11-19T15:56:00.000,2023-11-19T17:10:00.000,DEP,Sewer,Sewer Backup (Use Comments) (SA),11414,QUEENS,40.6494813057069,-73.84699312605734,Closed,"The Department of Environmental Protection has investigated this complaint. Upon investigation, there was no indication of a city sewer issue and there is a suspected sewer backup due to an internal plumbing issue."
59487983,2023-11-18T11:21:54.000,2024-01-25T09:24:38.000,DPR,Root/Sewer/Sidewalk Condition,Trees and Sidewalks Program,11435,QUEENS,40.70301871760445,-73.81044336411382,Closed,"NYC Parks inspected the requested repair site. This site meets the criteria for repair under the Trees & Sidewalks Program. The timeframe for repair work depends on available funding for the program, the severity of damage, and the other sidewalk requests in the surrounding district."
59478606,2023-11-17T08:17:00.000,2023-11-17T10:00:00.000,DEP,Sewer,Sewer Backup (Use Comments) (SA),11419,QUEENS,40.692369846295016,-73.81604137600269,Closed,The Department of Environmental Protection investigated this complaint and found there was no sewer back up in the city system at the time of the inspection.
59478605,2023-11-17T11:02:00.000,2024-01-23T10:00:00.000,DEP,Sewer,Defective/Missing Curb Piece (SC4),11419,QUEENS,40.686771545850775,-73.82918172848932,Closed,The Department of Environmental Protection has investigated this complaint and has performed repair work.
59488273,2023-11-18T09:38:00.000,2023-11-18T11:45:00.000,DEP,Sewer,Sewer Backup (Use Comments) (SA),11413,QUEENS,40.66069459219801,-73.76324228363218,Closed,"The Department of Environmental Protection has investigated this complaint. Upon investigation, there was no indication of a city sewer issue and there is a suspected sewer backup due to an internal plumbing issue."
59486004,2023-11-18T11:42:59.000,2024-02-13T16:43:13.000,DPR,Root/Sewer/Sidewalk Condition,Trees and Sidewalks Program,11372,QUEENS,40.753190344729354,-73.877369306098,Closed,"NYC Parks inspected the requested repair site. This site meets the criteria for repair under the Trees & Sidewalks Program. The timeframe for repair work depends on available funding for the program, the severity of damage, and the other sidewalk requests in the surrounding district."
59491162,2023-11-19T17:50:00.000,2023-11-29T10:30:00.000,DEP,Sewer,Catch Basin Clogged/Flooding (Use Comments) (SC),11102,QUEENS,40.7719846484986,-73.91889707891568,Closed,"The status of this Service Request is currently not available online. Please call 311 for further assistance. If you are outside of New York City, please call (212) NEW-YORK (212-639-9675)."
59489262,2023-11-19T20:11:00.000,2023-11-19T22:35:00.000,DEP,Sewer,Sewer Backup (Use Comments) (SA),11691,QUEENS,40.59906334864943,-73.74922961591679,Closed,The Department of Environmental Protection investigated this complaint and found there was no sewer back up in the city system at the time of the inspection.
59487257,2023-11-18T17:38:00.000,2023-11-18T18:36:00.000,DEP,Sewer,Catch Basin Clogged/Flooding (Use Comments) (SC),11435,QUEENS,40.70128842917095,-73.81313875536199,Closed,"The Department of Environmental Protection has determined that this issue was previously reported by another customer The original complaint is being addressed. If the condition persists, please call 311 (or 212-639-9675 if calling from a non-New York City area code) to submit a new complaint."
59490207,2023-11-19T16:41:00.000,2023-11-19T17:50:00.000,DEP,Sewer,Sewer Odor (SA2),11420,QUEENS,40.66529685746538,-73.81188786369708,Closed,The Department of Environmental Protection investigated this complaint and found there was no sewer back up in the city system at the time of the inspection.
59476123,2023-11-17T10:02:00.000,2023-11-17T13:10:00.000,DEP,Sewer,Sewer Backup (Use Comments) (SA),11373,QUEENS,40.74746284378814,-73.87303458285798,Closed,"The Department of Environmental Protection has investigated this complaint. Upon investigation, there was no indication of a city sewer issue and there is a suspected sewer backup due to an internal plumbing issue."
59488518,2023-11-18T11:38:00.000,2024-05-28T10:54:00.000,DOT,Street Light Condition,Flood Light Lamp Out,11411,QUEENS,40.69335627368708,-73.72791265994185,Closed,Service Request status for this request is available on the Department of Transportationâs website. Please click the âLearn Moreâ link below.
59484256,2023-11-18T09:53:00.000,2023-11-19T11:05:00.000,DEP,Sewer,Catch Basin Clogged/Flooding (Use Comments) (SC),11104,QUEENS,40.74732144091902,-73.9245102503601,Closed,"The Department of Environmental Protection inspected your complaint and cleaned the catch basin or inlet. If the condition returns, please call 311 (or 212-639-9675 if calling from a non-New York City area code) to submit a new complaint."
59483200,2023-11-18T08:56:00.000,2023-11-19T11:55:00.000,DEP,Sewer,Catch Basin Clogged/Flooding (Use Comments) (SC),11379,QUEENS,40.71806716508096,-73.88138406983795,Closed,"The Department of Environmental Protection inspected your complaint and cleaned the catch basin or inlet. If the condition returns, please call 311 (or 212-639-9675 if calling from a non-New York City area code) to submit a new complaint."
59494092,2023-11-19T08:17:00.000,2023-11-19T08:35:00.000,DEP,Sewer,Sewer Backup (Use Comments) (SA),11413,QUEENS,40.66069459219801,-73.76324228363218,Closed,"The Department of Environmental Protection has determined that this issue was previously reported by another customer The original complaint is being addressed. If the condition persists, please call 311 (or 212-639-9675 if calling from a non-New York City area code) to submit a new complaint."
59488272,2023-11-18T18:23:00.000,2023-11-18T18:38:00.000,DEP,Sewer,Sewer Backup (Use Comments) (SA),11435,QUEENS,40.70128842917095,-73.81313875536199,Closed,"The Department of Environmental Protection has determined that this issue was previously reported by another customer The original complaint is being addressed. If the condition persists, please call 311 (or 212-639-9675 if calling from a non-New York City area code) to submit a new complaint."
59485024,2023-11-18T19:30:01.000,2024-03-19T15:41:45.000,DPR,Root/Sewer/Sidewalk Condition,Trees and Sidewalks Program,11419,QUEENS,40.68436420256027,-73.83092219514712,Closed,"NYC Parks inspected the requested repair site. This site meets the criteria for repair under the Trees & Sidewalks Program. The timeframe for repair work depends on available funding for the program, the severity of damage, and the other sidewalk requests in the surrounding district."
59488270,2023-11-18T13:23:00.000,2023-11-19T14:00:00.000,DEP,Sewer,Catch Basin Search (SC2),11419,QUEENS,40.690797694711144,-73.82165659034747,Closed,"The Department of Environmental Protection has determined that this issue was previously reported by another customer The original complaint is being addressed. If the condition persists, please call 311 (or 212-639-9675 if calling from a non-New York City area code) to submit a new complaint."
59483202,2023-11-18T11:35:00.000,2023-11-18T12:40:00.000,DEP,Sewer,Sewer Backup (Use Comments) (SA),11428,QUEENS,40.716991059206556,-73.75199649272777,Closed,The Department of Environmental Protection investigated this complaint and found there was no sewer back up in the city system at the time of the inspection.
59497971,2023-11-20T21:49:35.000,2024-03-16T08:43:38.000,DPR,Root/Sewer/Sidewalk Condition,Trees and Sidewalks Program,11101,QUEENS,40.75853099218921,-73.9383476666168,Closed,"NYC Parks inspected and determined this site does not rate high enough to be repaired by NYC Parks at this time.   We understand conditions may become worse over time. In three years, you may submit a service request via 311, the Parks website, or NYC Tree Map for a new inspection.   You can repair the sidewalk yourself by hiring an independent contractor. The contractor must complete a Tree Work Permit application on the NYC Parks website."
59484262,2023-11-18T17:35:00.000,2023-11-18T20:20:00.000,DEP,Sewer,Sewer Backup (Use Comments) (SA),11435,QUEENS,40.70128842917095,-73.81313875536199,Closed,The Department of Environmental Protection investigated this complaint and found there was no sewer back up in the city system at the time of the inspection.
59496062,2023-11-19T11:56:00.000,2023-11-19T11:59:00.000,DEP,Sewer,Manhole Overflow (Use Comments) (SA1),11378,QUEENS,40.73204118022564,-73.89912952581331,Closed,"The Department of Environmental Protection has determined that this issue was previously reported by another customer The original complaint is being addressed. If the condition persists, please call 311 (or 212-639-9675 if calling from a non-New York City area code) to submit a new complaint."
59496065,2023-11-19T21:59:00.000,2023-11-20T01:05:00.000,DEP,Sewer,Sewer Backup (Use Comments) (SA),11377,QUEENS,40.74189994518659,-73.89262250773716,Closed,The Department of Environmental Protection investigated this complaint and found there was no sewer back up in the city system at the time of the inspection.
59488985,2023-11-18T12:01:15.000,2024-02-19T21:53:41.000,DPR,Root/Sewer/Sidewalk Condition,Trees and Sidewalks Program,11435,QUEENS,40.70605902456827,-73.81156725028694,Closed,"NYC Parks inspected the requested repair site. This site meets the criteria for repair under the Trees & Sidewalks Program. The timeframe for repair work depends on available funding for the program, the severity of damage, and the other sidewalk requests in the surrounding district."
59485303,2023-11-18T16:47:00.000,2023-11-18T18:30:00.000,DEP,Sewer,Sewer Backup (Use Comments) (SA),11004,QUEENS,40.74022775303968,-73.70842941617778,Closed,"The Department of Environmental Protection has investigated this complaint. Upon investigation, there was no indication of a city sewer issue and there is a suspected sewer backup due to an internal plumbing issue."
59488271,2023-11-18T08:59:00.000,2023-11-18T11:25:00.000,DEP,Sewer,Catch Basin Sunken/Damaged/Raised (SC1),11105,QUEENS,40.77514549070226,-73.90324883075257,Closed,"The Department of Environment Protection inspected your complaint but could not find the problem you reported. If the condition persists, please call 311 (or 212-639-9675 if calling from a non-New York City area code) with more detailed information to submit a new complaint."
59490206,2023-11-19T07:41:00.000,2023-11-19T09:35:00.000,DEP,Sewer,Sewer Backup (Use Comments) (SA),11435,QUEENS,40.70128842917095,-73.81313875536199,Closed,The Department of Environmental Protection has investigated this complaint. Surcharge conditions have been confirmed and attributed to grease. Work was performed to relieve the blockage.
59486269,2023-11-18T15:26:00.000,2023-11-20T14:15:00.000,DEP,Sewer,Catch Basin Clogged/Flooding (Use Comments) (SC),11435,QUEENS,40.694384590707905,-73.80769477693029,Closed,"The Department of Environment Protection inspected your complaint but could not find the problem you reported. If the condition persists, please call 311 (or 212-639-9675 if calling from a non-New York City area code) with more detailed information to submit a new complaint."
59496008,2023-11-19T22:47:00.000,2023-11-27T12:15:00.000,DEP,Sewer,RAIN GARDEN DEBRIS (GIRGD),11372,QUEENS,40.749456756318736,-73.87668683453113,Closed,"NYC DEP investigated and determined the infrastructure required cleaning, which was completed at the time of the inspection."
59483201,2023-11-18T17:53:00.000,2023-11-19T10:10:00.000,DEP,Sewer,Catch Basin Search (SC2),11102,QUEENS,40.770701213351984,-73.92047994554743,Closed,"The status of this Department of Environmental Protection (DEP) Service Request is not available online. Please call 311 and ask for further assistance with the status. If you are outside of New York City, please call (212) NEW-YORK (212-639-9675)."
59498368,2023-11-20T14:38:00.000,2023-11-20T18:30:00.000,DEP,Sewer,Sewer Odor (SA2),11434,QUEENS,40.67104589578549,-73.76899140226215,Closed,"The Department of Environment Protection inspected your complaint but could not find the problem you reported. If the condition persists, please call 311 (or 212-639-9675 if calling from a non-New York City area code) with more detailed information to submit a new complaint."
59489265,2023-11-19T21:53:00.000,2023-11-20T02:05:00.000,DEP,Sewer,Sewer Odor (SA2),11375,QUEENS,40.73510169459292,-73.8554457499332,Closed,The Department of Environmental Protection investigated this complaint and found there was no sewer back up in the city system at the time of the inspection.
59498367,2023-11-20T22:56:00.000,2023-11-21T02:20:00.000,DEP,Sewer,Sewer Odor (SA2),11419,QUEENS,40.68305648890956,-73.82642939924912,Closed,"The Department of Environment Protection inspected your complaint but could not find the problem you reported. If the condition persists, please call 311 (or 212-639-9675 if calling from a non-New York City area code) with more detailed information to submit a new complaint."
59497035,2023-11-20T20:11:00.000,2023-11-21T02:00:00.000,DEP,Sewer,Catch Basin Sunken/Damaged/Raised (SC1),11420,QUEENS,40.67169436643357,-73.81662832695501,Closed,"The Department of Environment Protection inspected your complaint but could not find the problem you reported. If the condition persists, please call 311 (or 212-639-9675 if calling from a non-New York City area code) with more detailed information to submit a new complaint."
59495096,2023-11-19T12:47:00.000,2023-11-19T13:50:00.000,DEP,Sewer,Sewer Backup (Use Comments) (SA),11412,QUEENS,40.7029152280496,-73.75297936625294,Closed,The Department of Environmental Protection has investigated this complaint. Surcharge conditions have been confirmed and attributed to grease. Work was performed to relieve the blockage.
59496066,2023-11-19T20:50:00.000,2023-11-19T21:55:00.000,DEP,Sewer,Sewer Backup (Use Comments) (SA),11429,QUEENS,40.71252905175843,-73.73518936857019,Closed,The Department of Environmental Protection has investigated this complaint. Surcharge conditions have been confirmed and attributed to grease. Work was performed to relieve the blockage.
59494841,2023-11-19T20:06:57.000,2024-02-08T15:50:40.000,DPR,Root/Sewer/Sidewalk Condition,Trees and Sidewalks Program,11379,QUEENS,40.714871883485266,-73.88101820842014,Closed,"The Service Request submitted did not have sufficient location or complaint information for NYC Parks to respond.  Please submit a new Service Request with adequate site details, including a full street address and descriptive location information."
59500757,2023-11-20T16:35:41.000,2024-02-22T13:37:26.000,DPR,Root/Sewer/Sidewalk Condition,Trees and Sidewalks Program,11355,QUEENS,40.75217192737417,-73.81211896667907,Closed,"NYC Parks inspected and determined this site does not rate high enough to be repaired by NYC Parks at this time.   We understand conditions may become worse over time. In three years, you may submit a service request via 311, the Parks website, or NYC Tree Map for a new inspection.   You can repair the sidewalk yourself by hiring an independent contractor. The contractor must complete a Tree Work Permit application on the NYC Parks website."
59497036,2023-11-20T22:35:00.000,2023-11-21T10:05:00.000,DEP,Sewer,Culvert Blocked/Needs Cleaning (SE),11106,QUEENS,40.75891466341391,-73.92787212767799,Closed,"The Department of Environment Protection inspected your complaint but could not find the problem you reported. If the condition persists, please call 311 (or 212-639-9675 if calling from a non-New York City area code) with more detailed information to submit a new complaint."
59499759,2023-11-20T17:41:00.000,2023-12-01T11:20:00.000,DEP,Sewer,Catch Basin Clogged/Flooding (Use Comments) (SC),11101,QUEENS,40.75419392967453,-73.93278961524689,Closed,"The Department of Environmental Protection inspected your complaint and cleaned the catch basin or inlet. If the condition returns, please call 311 (or 212-639-9675 if calling from a non-New York City area code) to submit a new complaint."
59499760,2023-11-20T16:50:00.000,2023-11-21T11:40:00.000,DEP,Sewer,Catch Basin Clogged/Flooding (Use Comments) (SC),11413,QUEENS,40.66131301531357,-73.7570657961506,Closed,"The Department of Environmental Protection inspected your complaint and cleaned the catch basin or inlet. If the condition returns, please call 311 (or 212-639-9675 if calling from a non-New York City area code) to submit a new complaint."
59506552,2023-11-20T12:41:00.000,2023-11-20T16:50:00.000,DEP,Sewer,Sewer Backup (Use Comments) (SA),11001,QUEENS,40.73496930275138,-73.70647504230139,Closed,The Department of Environmental Protection investigated this complaint and found there was no sewer back up in the city system at the time of the inspection.
59504829,2023-11-20T14:37:14.000,2024-01-30T22:28:08.000,DPR,Root/Sewer/Sidewalk Condition,Trees and Sidewalks Program,11105,QUEENS,40.774505502072024,-73.90269735573426,Closed,"NYC Parks inspected the requested repair site. This site meets the criteria for repair under the Trees & Sidewalks Program. The timeframe for repair work depends on available funding for the program, the severity of damage, and the other sidewalk requests in the surrounding district."
59501144,2023-11-20T19:08:00.000,2023-11-20T19:55:00.000,DEP,Sewer,Sewer Backup (Use Comments) (SA),11362,QUEENS,40.76355954717215,-73.7363113124007,Closed,The Department of Environmental Protection investigated this complaint and found there was no sewer back up in the city system at the time of the inspection.
59507560,2023-11-20T16:46:10.000,2024-02-16T00:21:39.000,DPR,Root/Sewer/Sidewalk Condition,Trees and Sidewalks Program,11374,QUEENS,40.731450063501846,-73.85456967249466,Closed,"NYC Parks inspected the requested repair site. This site meets the criteria for repair under the Trees & Sidewalks Program. The timeframe for repair work depends on available funding for the program, the severity of damage, and the other sidewalk requests in the surrounding district."
59493125,2023-11-19T09:17:00.000,2023-11-19T11:05:00.000,DEP,Sewer,Manhole Overflow (Use Comments) (SA1),11373,QUEENS,40.742752233957845,-73.88014561878013,Closed,"The Department of Environmental Protection has investigated this complaint. Upon investigation, there was no indication of a city sewer issue and there is a suspected sewer backup due to an internal plumbing issue."
59502461,2023-11-20T09:17:00.000,2023-11-20T14:30:00.000,DEP,Sewer,Highway Flooding (SH),,QUEENS,,,Closed,"The Department of Environment Protection inspected your complaint but could not find the problem you reported. If the condition persists, please call 311 (or 212-639-9675 if calling from a non-New York City area code) with more detailed information to submit a new complaint."
59505202,2023-11-20T09:14:00.000,2023-11-20T13:35:00.000,DEP,Sewer,Catch Basin Sunken/Damaged/Raised (SC1),11432,QUEENS,40.71466773795424,-73.77546314128072,Closed,"The Department of Environment Protection inspected your complaint but could not find the problem you reported. If the condition persists, please call 311 (or 212-639-9675 if calling from a non-New York City area code) with more detailed information to submit a new complaint."
59505206,2023-11-20T15:41:00.000,2023-11-20T23:11:00.000,DEP,Sewer,Manhole Overflow (Use Comments) (SA1),11413,QUEENS,40.66667092275628,-73.75971733773898,Closed,The Department of Environmental Protection determined that this complaint is a duplicate of a previously filed complaint. The original complaint is being addressed.
59494094,2023-11-19T17:59:00.000,2023-11-19T18:40:00.000,DEP,Sewer,Sewer Backup (Use Comments) (SA),11432,QUEENS,40.71863582511523,-73.78508533006178,Closed,The Department of Environmental Protection investigated this complaint and found there was no sewer back up in the city system at the time of the inspection.
59505207,2023-11-20T15:23:00.000,2023-11-22T22:20:00.000,DEP,Sewer,Manhole Overflow (Use Comments) (SA1),11378,QUEENS,40.73204118022564,-73.89912952581331,Closed,"The Department of Environmental Protection has determined that this issue was previously reported by another customer The original complaint is being addressed. If the condition persists, please call 311 (or 212-639-9675 if calling from a non-New York City area code) to submit a new complaint."
59492128,2023-11-19T10:20:00.000,2023-11-19T11:15:00.000,DEP,Sewer,Sewer Backup (Use Comments) (SA),11355,QUEENS,40.75274172157852,-73.81482073698261,Closed,"The Department of Environmental Protection has investigated this complaint. Upon investigation, there was no indication of a city sewer issue and there is a suspected sewer backup due to an internal plumbing issue."
59502498,2023-11-20T14:08:00.000,2023-11-20T17:40:00.000,DEP,Sewer,Sewer Backup (Use Comments) (SA),11413,QUEENS,40.6622788737558,-73.74924788103361,Closed,The Department of Environmental Protection has investigated this complaint. Surcharge conditions have been confirmed and attributed to grease. Work was performed to relieve the blockage.
59500760,2023-11-20T14:39:08.000,2024-01-10T19:18:35.000,DPR,Root/Sewer/Sidewalk Condition,Trees and Sidewalks Program,11422,QUEENS,40.6812098864509,-73.7299380067382,Closed,"NYC Parks inspected and determined this site does not rate high enough to be repaired by NYC Parks at this time.   We understand conditions may become worse over time. In three years, you may submit a service request via 311, the Parks website, or NYC Tree Map for a new inspection.   You can repair the sidewalk yourself by hiring an independent contractor. The contractor must complete a Tree Work Permit application on the NYC Parks website."
59504831,2023-11-20T16:36:07.000,2024-01-30T22:28:08.000,DPR,Root/Sewer/Sidewalk Condition,Trees and Sidewalks Program,11102,QUEENS,40.776506936796046,-73.92135399821726,Closed,"NYC Parks inspected and determined this site does not rate high enough to be repaired by NYC Parks at this time.   We understand conditions may become worse over time. In three years, you may submit a service request via 311, the Parks website, or NYC Tree Map for a new inspection.   You can repair the sidewalk yourself by hiring an independent contractor. The contractor must complete a Tree Work Permit application on the NYC Parks website."
59505205,2023-11-20T21:02:00.000,2023-11-20T21:20:00.000,DEP,Sewer,Manhole Overflow (Use Comments) (SA1),11378,QUEENS,40.73221957651178,-73.89911482296922,Closed,The Department of Environmental Protection determined that this complaint is a duplicate of a previously filed complaint. The original complaint is being addressed.
59501140,2023-11-20T15:05:00.000,2023-11-21T10:15:00.000,DEP,Sewer,Catch Basin Clogged/Flooding (Use Comments) (SC),11692,QUEENS,40.596932651425156,-73.79758326416876,Closed,"The Department of Environment Protection inspected your complaint but could not find the problem you reported. If the condition persists, please call 311 (or 212-639-9675 if calling from a non-New York City area code) with more detailed information to submit a new complaint."
59497974,2023-11-20T12:53:11.000,2024-02-05T14:53:50.000,DPR,Root/Sewer/Sidewalk Condition,Trees and Sidewalks Program,11422,QUEENS,40.67415381149671,-73.73738581509654,Closed,"NYC Parks inspected and determined this site does not rate high enough to be repaired by NYC Parks at this time.   We understand conditions may become worse over time. In three years, you may submit a service request via 311, the Parks website, or NYC Tree Map for a new inspection.   You can repair the sidewalk yourself by hiring an independent contractor. The contractor must complete a Tree Work Permit application on the NYC Parks website."
59501142,2023-11-20T10:35:00.000,2023-11-20T11:40:00.000,DEP,Sewer,Sewer Backup (Use Comments) (SA),11694,QUEENS,40.58107525767295,-73.85314030055822,Closed,The Department of Environmental Protection investigated this complaint and found there was no sewer back up in the city system at the time of the inspection.
59515454,2023-11-21T11:53:00.000,2023-11-21T14:35:00.000,DEP,Sewer,Sewer Backup (Use Comments) (SA),11373,QUEENS,40.73707048988985,-73.87488748453934,Closed,"The Department of Environmental Protection has investigated this complaint. Upon investigation, there was no indication of a city sewer issue and there is a suspected sewer backup due to an internal plumbing issue."
59509207,2023-11-21T15:56:00.000,2023-11-21T18:00:00.000,DEP,Sewer,Sewer Backup (Use Comments) (SA),11373,QUEENS,40.73929808727641,-73.88429448489656,Closed,The Department of Environmental Protection investigated this complaint and found there was no sewer back up in the city system at the time of the inspection.
59509195,2023-11-21T19:11:00.000,2023-11-22T11:25:00.000,DEP,Sewer,Catch Basin Clogged/Flooding (Use Comments) (SC),11377,QUEENS,40.73842584776062,-73.8995492755575,Closed,"The Department of Environmental Protection inspected your complaint and cleaned the catch basin or inlet. If the condition returns, please call 311 (or 212-639-9675 if calling from a non-New York City area code) to submit a new complaint."
59511389,2023-11-21T09:30:14.000,2024-01-10T19:18:36.000,DPR,Root/Sewer/Sidewalk Condition,Trees and Sidewalks Program,11411,QUEENS,40.68657551329098,-73.7274283128147,Closed,"NYC Parks inspected the requested repair site. This site meets the criteria for repair under the Trees & Sidewalks Program. The timeframe for repair work depends on available funding for the program, the severity of damage, and the other sidewalk requests in the surrounding district."
59512915,2023-11-21T11:23:00.000,2023-11-28T10:30:00.000,DEP,Sewer,Catch Basin Clogged/Flooding (Use Comments) (SC),11414,QUEENS,40.66238234583304,-73.84740687824656,Closed,"The Department of Environmental Protection inspected your complaint and determined that the catch basin is now functioning properly.  If the condition returns, please call 311 (or 212-639-9675 if calling from a non-New York City area code) to submit a new complaint."
59505208,2023-11-20T15:02:00.000,2023-11-20T19:05:00.000,DEP,Sewer,Sewer Backup (Use Comments) (SA),11419,QUEENS,40.688036422419806,-73.81469033393422,Closed,The Department of Environmental Protection investigated this complaint and found there was no sewer back up in the city system at the time of the inspection.
59503489,2023-11-20T12:26:28.000,2024-01-13T00:11:47.000,DPR,Root/Sewer/Sidewalk Condition,Trees and Sidewalks Program,11426,QUEENS,40.739426564982814,-73.72186054214119,Closed,"NYC Parks inspected the requested repair site. This site meets the criteria for repair under the Trees & Sidewalks Program. The timeframe for repair work depends on available funding for the program, the severity of damage, and the other sidewalk requests in the surrounding district."
59509202,2023-11-21T09:35:00.000,2023-11-22T11:35:00.000,DEP,Sewer,Catch Basin Sunken/Damaged/Raised (SC1),11356,QUEENS,40.78505533396379,-73.83257675566568,Closed,"The Department of Environment Protection inspected your complaint but could not find the problem you reported. If the condition persists, please call 311 (or 212-639-9675 if calling from a non-New York City area code) with more detailed information to submit a new complaint."
59515136,2023-11-21T16:15:25.000,2024-02-01T14:51:37.000,DPR,Root/Sewer/Sidewalk Condition,Trees and Sidewalks Program,11412,QUEENS,40.703726995637076,-73.75138581765337,Closed,"NYC Parks inspected and determined this site does not rate high enough to be repaired by NYC Parks at this time.   We understand conditions may become worse over time. In three years, you may submit a service request via 311, the Parks website, or NYC Tree Map for a new inspection.   You can repair the sidewalk yourself by hiring an independent contractor. The contractor must complete a Tree Work Permit application on the NYC Parks website."
59507914,2023-11-21T21:14:00.000,2023-11-21T21:55:00.000,DEP,Sewer,Sewer Backup (Use Comments) (SA),11420,QUEENS,40.67157247274028,-73.80267760863832,Closed,The Department of Environmental Protection investigated this complaint and found there was no sewer back up in the city system at the time of the inspection.
59514199,2023-11-21T10:59:00.000,2023-11-28T11:05:00.000,DEP,Sewer,Catch Basin Clogged/Flooding (Use Comments) (SC),11429,QUEENS,40.71263523283991,-73.74826126317754,Closed,"The Department of Environment Protection inspected your complaint but could not find the problem you reported. If the condition persists, please call 311 (or 212-639-9675 if calling from a non-New York City area code) with more detailed information to submit a new complaint."
59509205,2023-11-21T12:47:00.000,2023-11-21T14:05:00.000,DEP,Sewer,Manhole Overflow (Use Comments) (SA1),11694,QUEENS,40.58169503316181,-73.84642120920326,Closed,The Department of Environmental Protection has investigated this complaint. Surcharge conditions have been confirmed and attributed to grease. Work was performed to relieve the blockage.
59511390,2023-11-21T18:02:29.000,2024-01-17T09:33:38.000,DPR,Root/Sewer/Sidewalk Condition,Trees and Sidewalks Program,11360,QUEENS,40.77707356040235,-73.78025344685508,Closed,"NYC Parks inspected and determined this site does not rate high enough to be repaired by NYC Parks at this time.   We understand conditions may become worse over time. In three years, you may submit a service request via 311, the Parks website, or NYC Tree Map for a new inspection.   You can repair the sidewalk yourself by hiring an independent contractor. The contractor must complete a Tree Work Permit application on the NYC Parks website."
59511707,2023-11-21T15:50:00.000,2023-11-24T09:50:00.000,DEP,Sewer,Defective/Missing Curb Piece (SC4),11374,QUEENS,40.72777431608943,-73.86081585685756,Closed,"The Department of Environment Protection inspected your complaint but could not find the problem you reported. If the condition persists, please call 311 (or 212-639-9675 if calling from a non-New York City area code) with more detailed information to submit a new complaint."
59510136,2023-11-21T12:39:20.000,2024-03-20T15:02:07.000,DPR,Root/Sewer/Sidewalk Condition,Trees and Sidewalks Program,11417,QUEENS,40.67635563503917,-73.85781550372498,Closed,"NYC Parks inspected and determined this site does not rate high enough to be repaired by NYC Parks at this time.   We understand conditions may become worse over time. In three years, you may submit a service request via 311, the Parks website, or NYC Tree Map for a new inspection.   You can repair the sidewalk yourself by hiring an independent contractor. The contractor must complete a Tree Work Permit application on the NYC Parks website."
59509196,2023-11-21T15:08:00.000,2023-11-22T10:25:00.000,DEP,Sewer,Catch Basin Clogged/Flooding (Use Comments) (SC),11372,QUEENS,40.75537136053632,-73.88707111040107,Closed,"The Department of Environmental Protection inspected your complaint and cleaned the catch basin or inlet. If the condition returns, please call 311 (or 212-639-9675 if calling from a non-New York City area code) to submit a new complaint."
59502496,2023-11-20T20:35:00.000,2025-06-09T17:30:00.000,DEP,Sewer,Catch Basin Sunken/Damaged/Raised (SC1),11368,QUEENS,40.741982330673174,-73.85077556011962,Closed,"The Department of Environmental Protection has investigated this complaint. Upon investigation, a defect was found done."
59504828,2023-11-20T15:51:53.000,2024-01-13T00:11:47.000,DPR,Root/Sewer/Sidewalk Condition,Trees and Sidewalks Program,11363,QUEENS,40.7792071826177,-73.75103178811969,Closed,"NYC Parks inspected and determined this site does not rate high enough to be repaired by NYC Parks at this time.   We understand conditions may become worse over time. In three years, you may submit a service request via 311, the Parks website, or NYC Tree Map for a new inspection.   You can repair the sidewalk yourself by hiring an independent contractor. The contractor must complete a Tree Work Permit application on the NYC Parks website."
59514198,2023-11-21T12:11:00.000,2023-11-21T13:45:00.000,DEP,Sewer,Catch Basin Clogged/Flooding (Use Comments) (SC),11358,QUEENS,40.76781193146422,-73.80092675469643,Closed,The Department of Environmental Protection has investigated this complaint and found that debris was obstructing the catch basin.
59501143,2023-11-20T20:38:00.000,2023-11-20T22:00:00.000,DEP,Sewer,Sewer Backup (Use Comments) (SA),11412,QUEENS,40.70566775953588,-73.7592305238046,Closed,The Department of Environmental Protection investigated this complaint and found there was no sewer back up in the city system at the time of the inspection.
59510440,2023-11-21T10:26:00.000,2023-11-21T12:00:00.000,DEP,Sewer,Manhole Overflow (Use Comments) (SA1),11360,QUEENS,40.78757228834251,-73.78029824207383,Closed,The Department of Environmental Protection investigated this complaint and found there was no sewer back up in the city system at the time of the inspection.
59499758,2023-11-20T17:44:00.000,2023-11-24T11:50:00.000,DEP,Sewer,Catch Basin Clogged/Flooding (Use Comments) (SC),11101,QUEENS,40.755391930601284,-73.93504070454088,Closed,"The Department of Environmental Protection inspected your complaint and cleaned the catch basin or inlet. If the condition returns, please call 311 (or 212-639-9675 if calling from a non-New York City area code) to submit a new complaint."
59510442,2023-11-21T00:02:00.000,2023-11-21T02:50:00.000,DEP,Sewer,Sewer Odor (SA2),11411,QUEENS,40.69754822482909,-73.73886602653617,Closed,"The Department of Environment Protection inspected your complaint but could not find the problem you reported. If the condition persists, please call 311 (or 212-639-9675 if calling from a non-New York City area code) with more detailed information to submit a new complaint."
59512914,2023-11-21T14:38:00.000,2023-11-22T11:05:00.000,DEP,Sewer,Catch Basin Clogged/Flooding (Use Comments) (SC),11361,QUEENS,40.76457684066585,-73.76772118492408,Closed,"The Department of Environment Protection inspected your complaint but could not find the problem you reported. If the condition persists, please call 311 (or 212-639-9675 if calling from a non-New York City area code) with more detailed information to submit a new complaint."
59514202,2023-11-21T09:44:00.000,2023-11-21T11:50:00.000,DEP,Sewer,Sewer Backup (Use Comments) (SA),11694,QUEENS,40.58107525767295,-73.85314030055822,Closed,"The Department of Environmental Protection has investigated this complaint. Upon investigation, there was no indication of a city sewer issue and there is a suspected sewer backup due to an internal plumbing issue."
59502497,2023-11-20T12:14:00.000,2023-11-20T14:35:00.000,DEP,Sewer,Sewer Backup (Use Comments) (SA),11412,QUEENS,40.69055752084683,-73.75264652293636,Closed,The Department of Environmental Protection has investigated this complaint. Surcharge conditions have been confirmed and attributed to grease. Work was performed to relieve the blockage.
59511710,2023-11-21T16:23:00.000,2023-11-21T19:05:00.000,DEP,Sewer,Sewer Backup (Use Comments) (SA),11423,QUEENS,40.72039701915058,-73.76093780660639,Closed,The Department of Environmental Protection has investigated this complaint. Surcharge conditions have been confirmed and attributed to grease. Work was performed to relieve the blockage.
59517725,2023-11-21T11:26:57.000,2024-02-08T15:50:41.000,DPR,Root/Sewer/Sidewalk Condition,Trees and Sidewalks Program,11385,QUEENS,40.706524475544256,-73.90390387527852,Closed,NYC Parks inspected and determined that the site is ineligible for the Trees and Sidewalks Program because of one or more of the following reasons:  - The property adjacent to the sidewalk is not in Tax Class 1 - The property adjacent to the sidewalk is not owner-occupied - The property adjacent to the sidewalk contains a place of business  You can repair the sidewalk yourself by hiring an independent contractor. The contractor must complete a Tree Work Permit application on the NYC Parks website.
59521781,2023-11-22T12:23:00.000,2023-11-22T14:00:00.000,DEP,Sewer,Sewer Backup (Use Comments) (SA),11378,QUEENS,40.724223536649845,-73.89541092912876,Closed,The Department of Environmental Protection investigated this complaint and found there was no sewer back up in the city system at the time of the inspection.
59520503,2023-11-22T10:59:00.000,2023-11-23T05:15:00.000,DEP,Sewer,Street Flooding (SJ),11692,QUEENS,40.59104862582951,-73.79039634376524,Closed,NYC DEP investigated and determined the sewer or catchbasin was overtaxed due to heavy rain and no further action is required.
59523971,2023-11-22T11:52:25.000,2023-11-24T09:31:44.000,DPR,Root/Sewer/Sidewalk Condition,Affecting Sewer or Foundation,11419,QUEENS,40.68944947475548,-73.81268153226141,Closed,"The Service Request submitted did not have sufficient location or complaint information for NYC Parks to respond.  Please submit a new Service Request with adequate site details, including a full street address and descriptive location information."
59516449,2023-11-21T11:38:23.000,2024-01-11T11:40:06.000,DPR,Root/Sewer/Sidewalk Condition,Trees and Sidewalks Program,11360,QUEENS,40.77493426184739,-73.78400461701173,Closed,"NYC Parks inspected and determined this site does not rate high enough to be repaired by NYC Parks at this time.   We understand conditions may become worse over time. In three years, you may submit a service request via 311, the Parks website, or NYC Tree Map for a new inspection.   You can repair the sidewalk yourself by hiring an independent contractor. The contractor must complete a Tree Work Permit application on the NYC Parks website."
59520489,2023-11-22T02:56:00.000,2023-11-22T17:00:00.000,DEP,Sewer,Catch Basin Clogged/Flooding (Use Comments) (SC),11414,QUEENS,40.6524268476701,-73.83922720387437,Closed,The Department of Environmental Protection has investigated this complaint and found that debris was obstructing the catch basin.
59521772,2023-11-22T10:05:00.000,2023-11-22T13:45:00.000,DEP,Sewer,Catch Basin Clogged/Flooding (Use Comments) (SC),11432,QUEENS,40.71466773795424,-73.77546314128072,Closed,"The Department of Environmental Protection inspected your complaint and determined that the catch basin is now functioning properly.  If the condition returns, please call 311 (or 212-639-9675 if calling from a non-New York City area code) to submit a new complaint."
59523046,2023-11-22T12:50:00.000,2023-11-29T10:35:00.000,DEP,Sewer,Catch Basin Clogged/Flooding (Use Comments) (SC),11411,QUEENS,,,Closed,"The Department of Environment Protection inspected your complaint but could not find the problem you reported. If the condition persists, please call 311 (or 212-639-9675 if calling from a non-New York City area code) with more detailed information to submit a new complaint."
59519236,2023-11-22T08:44:00.000,2023-11-27T11:25:00.000,DEP,Sewer,Catch Basin Clogged/Flooding (Use Comments) (SC),11694,QUEENS,40.58356152712794,-73.82173054679785,Closed,"The Department of Environment Protection inspected your complaint but could not find the problem you reported. If the condition persists, please call 311 (or 212-639-9675 if calling from a non-New York City area code) with more detailed information to submit a new complaint."
59523054,2023-11-22T14:17:00.000,2023-11-22T18:55:00.000,DEP,Sewer,Sewer Backup (Use Comments) (SA),11433,QUEENS,40.69678218046968,-73.78374211055845,Closed,The Department of Environmental Protection investigated this complaint and found there was no sewer back up in the city system at the time of the inspection.
59524314,2023-11-22T07:56:00.000,2023-11-22T09:35:00.000,DEP,Sewer,Sewer Backup (Use Comments) (SA),11361,QUEENS,40.76466618058208,-73.76173915865529,Closed,"The Department of Environmental Protection has investigated this complaint. Upon investigation, there was no indication of a city sewer issue and there is a suspected sewer backup due to an internal plumbing issue."
59510441,2023-11-21T09:17:00.000,2023-11-21T11:05:00.000,DEP,Sewer,Sewer Backup (Use Comments) (SA),11373,QUEENS,40.73927346788762,-73.88437752501214,Closed,"The Department of Environmental Protection has investigated this complaint. Upon investigation, there was no indication of a city sewer issue and there is a suspected sewer backup due to an internal plumbing issue."
59524306,2023-11-22T22:50:00.000,2023-11-23T07:45:00.000,DEP,Sewer,Catch Basin Sunken/Damaged/Raised (SC1),11374,QUEENS,40.72777431608943,-73.86081585685756,Closed,"The Department of Environmental Protection has determined that this issue was previously reported by another customer The original complaint is being addressed. If the condition persists, please call 311 (or 212-639-9675 if calling from a non-New York City area code) to submit a new complaint."
59512919,2023-11-21T09:38:00.000,2023-11-21T11:30:00.000,DEP,Sewer,Street Flooding (SJ),11423,QUEENS,40.71920716228471,-73.77524582784787,Closed,"The Department of Environmental Protection inspected your complaint and referred it to the Department of Transportation for further action. If the problem persists, please call 311 (or 212-639-9675 if calling from a non-New York City area code) to submit a new complaint."
59516759,2023-11-21T11:17:00.000,2023-11-21T13:05:00.000,DEP,Sewer,Sewer Odor (SA2),11370,QUEENS,40.759867225852396,-73.89278485664475,Closed,The Department of Environmental Protection investigated this complaint and found there was no sewer back up in the city system at the time of the inspection.
59509201,2023-11-21T13:23:00.000,2023-11-24T09:25:00.000,DEP,Sewer,Catch Basin Sunken/Damaged/Raised (SC1),11377,QUEENS,40.738273401784035,-73.89184891047539,Closed,"The Department of Environment Protection inspected your complaint but could not find the problem you reported. If the condition persists, please call 311 (or 212-639-9675 if calling from a non-New York City area code) with more detailed information to submit a new complaint."
59515452,2023-11-21T23:29:00.000,2023-11-22T02:55:00.000,DEP,Sewer,Sewer Backup (Use Comments) (SA),11411,QUEENS,40.69813607230495,-73.7439595204527,Closed,The Department of Environmental Protection investigated this complaint and found there was no sewer back up in the city system at the time of the inspection.
59524313,2023-11-22T08:05:00.000,2023-11-22T10:55:00.000,DEP,Sewer,Sewer Backup (Use Comments) (SA),11375,QUEENS,40.734637952366235,-73.84912135017572,Closed,The Department of Environmental Protection investigated this complaint and found there was no sewer back up in the city system at the time of the inspection.
59521769,2023-11-22T13:38:00.000,2023-11-24T09:15:00.000,DEP,Sewer,Catch Basin Clogged/Flooding (Use Comments) (SC),11418,QUEENS,40.70317491630694,-73.8352457224408,Closed,"The Department of Environment Protection inspected your complaint but could not find the problem you reported. If the condition persists, please call 311 (or 212-639-9675 if calling from a non-New York City area code) with more detailed information to submit a new complaint."
59516758,2023-11-21T08:59:00.000,2023-11-21T10:10:00.000,DEP,Sewer,Sewer Backup (Use Comments) (SA),11691,QUEENS,40.59814244016106,-73.76014759797596,Closed,The Department of Environmental Protection investigated this complaint and found there was no sewer back up in the city system at the time of the inspection.
59519248,2023-11-22T20:32:00.000,2023-11-23T01:55:00.000,DEP,Sewer,Sewer Backup (Use Comments) (SA),11434,QUEENS,40.664780501235214,-73.76810114704708,Closed,The Department of Environmental Protection investigated this complaint and found there was no sewer back up in the city system at the time of the inspection.
59520154,2023-11-22T16:04:47.000,2024-01-30T15:16:28.000,DPR,Root/Sewer/Sidewalk Condition,Trees and Sidewalks Program,11413,QUEENS,40.68377186033345,-73.75884806615949,Closed,"NYC Parks inspected and determined this site does not rate high enough to be repaired by NYC Parks at this time.   We understand conditions may become worse over time. In three years, you may submit a service request via 311, the Parks website, or NYC Tree Map for a new inspection.   You can repair the sidewalk yourself by hiring an independent contractor. The contractor must complete a Tree Work Permit application on the NYC Parks website."
59523053,2023-11-22T17:47:00.000,2023-11-22T21:50:00.000,DEP,Sewer,Sewer Backup (Use Comments) (SA),11693,QUEENS,40.58488352103777,-73.81587302254533,Closed,The Department of Environmental Protection investigated this complaint and found there was no sewer back up in the city system at the time of the inspection.
59514201,2023-11-21T17:35:00.000,2023-11-21T19:50:00.000,DEP,Sewer,Sewer Backup (Use Comments) (SA),11434,QUEENS,40.687971005584295,-73.7777489800572,Closed,The Department of Environmental Protection has investigated this complaint. Surcharge conditions have been confirmed and attributed to grease. Work was performed to relieve the blockage.
59523056,2023-11-22T10:50:00.000,2023-11-22T12:40:00.000,DEP,Sewer,Sewer Backup (Use Comments) (SA),11360,QUEENS,40.78757228834251,-73.78029824207383,Closed,"The Department of Environmental Protection has investigated this complaint. Upon investigation, there was no indication of a city sewer issue and there is a suspected sewer backup due to an internal plumbing issue."
59524315,2023-11-22T06:14:00.000,2023-11-22T10:10:00.000,DEP,Sewer,Sewer Backup (Use Comments) (SA),11369,QUEENS,40.761480283458965,-73.88074724042639,Closed,The Department of Environmental Protection investigated this complaint and found there was no sewer back up in the city system at the time of the inspection.
59519251,2023-11-22T00:11:00.000,2023-11-22T03:45:00.000,DEP,Sewer,Sewer Backup (Use Comments) (SA),11370,QUEENS,40.75804714895578,-73.89245209369608,Closed,The Department of Environmental Protection investigated this complaint and found there was no sewer back up in the city system at the time of the inspection.
59514200,2023-11-21T07:38:00.000,2023-11-21T10:50:00.000,DEP,Sewer,Catch Basin Clogged/Flooding (Use Comments) (SC),11379,QUEENS,40.7222879772826,-73.87815130820253,Closed,"The Department of Environment Protection inspected your complaint but could not find the problem you reported. If the condition persists, please call 311 (or 212-639-9675 if calling from a non-New York City area code) with more detailed information to submit a new complaint."
59518048,2023-11-22T13:59:00.000,2023-11-22T18:20:00.000,DEP,Sewer,Sewer Backup (Use Comments) (SA),11434,QUEENS,40.66557701941872,-73.76973126318062,Closed,The Department of Environmental Protection investigated this complaint and found there was no sewer back up in the city system at the time of the inspection.
59510435,2023-11-21T10:23:00.000,2023-11-22T10:35:00.000,DEP,Sewer,Catch Basin Clogged/Flooding (Use Comments) (SC),11354,QUEENS,40.759165078530984,-73.83132069625674,Closed,"The Department of Environmental Protection inspected your complaint and cleaned the catch basin or inlet. If the condition returns, please call 311 (or 212-639-9675 if calling from a non-New York City area code) to submit a new complaint."
59521447,2023-11-22T10:41:11.000,2024-04-12T15:13:43.000,DPR,Root/Sewer/Sidewalk Condition,Trees and Sidewalks Program,11435,QUEENS,40.713472948266485,-73.81175190072433,Closed,"NYC Parks inspected and determined this site does not rate high enough to be repaired by NYC Parks at this time.   We understand conditions may become worse over time. In three years, you may submit a service request via 311, the Parks website, or NYC Tree Map for a new inspection.   You can repair the sidewalk yourself by hiring an independent contractor. The contractor must complete a Tree Work Permit application on the NYC Parks website."
59518054,2023-11-22T07:14:00.000,2023-11-22T09:30:00.000,DEP,Sewer,Street Flooding (SJ),11375,QUEENS,40.73468167443239,-73.84897330946035,Closed,"The Department of Environmental Protection has determined that this issue was previously reported by another customer The original complaint is being addressed. If the condition persists, please call 311 (or 212-639-9675 if calling from a non-New York City area code) to submit a new complaint."
59518046,2023-11-22T21:14:00.000,2023-11-24T08:00:00.000,DEP,Sewer,Catch Basin Search (SC2),11385,QUEENS,40.69674944129266,-73.90611779428339,Closed,The Department of Environmental Protection resolved this complaint by speaking to the complainant on the phone.
59519242,2023-11-22T09:44:00.000,2023-11-22T10:45:00.000,DEP,Sewer,Manhole Cover Missing (Emergency) (SA3),11427,QUEENS,40.732778407001746,-73.73332281599566,Closed,The Department of Environmental Protection investigated this complaint and referred it to another agency or utility for further action.
59524319,2023-11-22T01:38:00.000,2023-11-22T15:45:00.000,DEP,Sewer,Street Flooding (SJ),11427,QUEENS,40.71963765544917,-73.75614973276058,Closed,"The Department of Environment Protection inspected your complaint but could not find the problem you reported. If the condition persists, please call 311 (or 212-639-9675 if calling from a non-New York City area code) with more detailed information to submit a new complaint."
59524308,2023-11-22T14:23:00.000,2023-11-22T14:44:00.000,DEP,Sewer,Sewer Backup (Use Comments) (SA),11433,QUEENS,40.69678218046968,-73.78374211055845,Closed,"The Department of Environmental Protection has determined that this issue was previously reported by another customer The original complaint is being addressed. If the condition persists, please call 311 (or 212-639-9675 if calling from a non-New York City area code) to submit a new complaint."
59523050,2023-11-22T12:38:00.000,2023-11-27T17:20:00.000,DEP,Sewer,Defective/Missing Curb Piece (SC4),11692,QUEENS,40.597842611992114,-73.79375630307165,Closed,"The Department of Environmental Protection inspected your complaint and referred it to the Department of Transportation for further action. If the problem persists, please call 311 (or 212-639-9675 if calling from a non-New York City area code) to submit a new complaint."
59525566,2023-11-22T16:17:00.000,2023-11-22T19:30:00.000,DEP,Sewer,Sewer Backup (Use Comments) (SA),11432,QUEENS,40.71569802985193,-73.78169310718128,Closed,The Department of Environmental Protection investigated this complaint and found there was no sewer back up in the city system at the time of the inspection.
59452413,2023-09-29T14:08:42.000,2023-09-30T11:20:00.000,DEP,Sewer Maintenance,Backup,11106,QUEENS,40.761062441083695,-73.93985059300967,Closed,
59525563,2023-11-22T10:50:00.000,2023-11-22T11:00:00.000,DEP,Sewer,Manhole Overflow (Use Comments) (SA1),11360,QUEENS,40.78757228834251,-73.78029824207383,Closed,"The Department of Environmental Protection has determined that this issue was previously reported by another customer The original complaint is being addressed. If the condition persists, please call 311 (or 212-639-9675 if calling from a non-New York City area code) to submit a new complaint."
59523061,2023-11-22T06:32:00.000,2023-11-22T10:20:00.000,DEP,Sewer,Street Flooding (SJ),11375,QUEENS,40.71836919350643,-73.84055801431353,Closed,"The Department of Environment Protection inspected your complaint but could not find the problem you reported. If the condition persists, please call 311 (or 212-639-9675 if calling from a non-New York City area code) with more detailed information to submit a new complaint."
59520488,2023-11-22T06:05:00.000,2023-11-22T09:40:00.000,DEP,Sewer,Catch Basin Clogged/Flooding (Use Comments) (SC),11375,QUEENS,40.7095815413921,-73.84537991920241,Closed,"The Department of Environmental Protection inspected your complaint and cleaned the catch basin or inlet. If the condition returns, please call 311 (or 212-639-9675 if calling from a non-New York City area code) to submit a new complaint."
59525568,2023-11-22T14:41:00.000,2023-11-22T17:30:00.000,DEP,Sewer,Sewer Backup (Use Comments) (SA),11415,QUEENS,40.708121889788075,-73.83019826598169,Closed,The Department of Environmental Protection investigated this complaint and found there was no sewer back up in the city system at the time of the inspection.
59521774,2023-11-22T00:47:00.000,2023-11-22T14:40:00.000,DEP,Sewer,Catch Basin Clogged/Flooding (Use Comments) (SC),11362,QUEENS,40.7625544398672,-73.73848842457927,Closed,The Department of Environmental Protection has investigated this complaint and found that debris was obstructing the catch basin.
59528774,2023-11-23T17:29:00.000,2023-11-23T19:30:00.000,DEP,Sewer,Sewer Backup (Use Comments) (SA),11357,QUEENS,40.776670373684404,-73.82714942514144,Closed,The Department of Environmental Protection investigated this complaint and found there was no sewer back up in the city system at the time of the inspection.
59526761,2023-11-22T18:59:00.000,2023-11-23T04:30:00.000,DEP,Sewer,Street Flooding (SJ),11357,QUEENS,40.78058085221791,-73.81429918393466,Closed,NYC DEP investigated and determined the sewer or catchbasin was overtaxed due to heavy rain and no further action is required.
59525554,2023-11-22T12:35:00.000,2023-11-22T13:25:00.000,DEP,Sewer,Catch Basin Clogged/Flooding (Use Comments) (SC),11374,QUEENS,40.72310809044972,-73.85624020623378,Closed,"The Department of Environment Protection inspected your complaint but could not find the problem you reported. If the condition persists, please call 311 (or 212-639-9675 if calling from a non-New York City area code) with more detailed information to submit a new complaint."
59532685,2023-11-23T14:23:00.000,2023-11-25T08:40:00.000,DEP,Sewer,Catch Basin Search (SC2),11433,QUEENS,40.68880318238575,-73.78820679883236,Closed,The Department of Environmental Protection (DEP) investigated this request and completed a search of the catch basin.
59526457,2023-11-22T13:56:06.000,2024-01-17T22:18:13.000,DPR,Root/Sewer/Sidewalk Condition,Trees and Sidewalks Program,11361,QUEENS,40.75953995959278,-73.76221231643679,Closed,"NYC Parks inspected the requested repair site. This site meets the criteria for repair under the Trees & Sidewalks Program. The timeframe for repair work depends on available funding for the program, the severity of damage, and the other sidewalk requests in the surrounding district."
59523047,2023-11-22T11:47:00.000,2023-11-24T11:15:00.000,DEP,Sewer,Catch Basin Clogged/Flooding (Use Comments) (SC),11436,QUEENS,40.68415393087466,-73.79448450158765,Closed,"The Department of Environment Protection inspected your complaint but could not find the problem you reported. If the condition persists, please call 311 (or 212-639-9675 if calling from a non-New York City area code) with more detailed information to submit a new complaint."
59527656,2023-11-22T17:50:09.000,2024-01-11T14:41:51.000,DPR,Root/Sewer/Sidewalk Condition,Trees and Sidewalks Program,11361,QUEENS,40.76856157146928,-73.781418738298,Closed,"NYC Parks inspected and determined this site does not rate high enough to be repaired by NYC Parks at this time.   We understand conditions may become worse over time. In three years, you may submit a service request via 311, the Parks website, or NYC Tree Map for a new inspection.   You can repair the sidewalk yourself by hiring an independent contractor. The contractor must complete a Tree Work Permit application on the NYC Parks website."
59528775,2023-11-23T17:23:00.000,2023-11-23T21:00:00.000,DEP,Sewer,Sewer Backup (Use Comments) (SA),11421,QUEENS,40.69086552234263,-73.84580555283841,Closed,The Department of Environmental Protection investigated this complaint and found there was no sewer back up in the city system at the time of the inspection.
59526459,2023-11-22T09:53:47.000,2024-02-09T15:08:46.000,DPR,Root/Sewer/Sidewalk Condition,Trees and Sidewalks Program,11691,QUEENS,40.61042956639675,-73.76479637108645,Closed,"NYC Parks inspected and determined this site does not rate high enough to be repaired by NYC Parks at this time.   We understand conditions may become worse over time. In three years, you may submit a service request via 311, the Parks website, or NYC Tree Map for a new inspection.   You can repair the sidewalk yourself by hiring an independent contractor. The contractor must complete a Tree Work Permit application on the NYC Parks website."
59533472,2023-11-23T09:05:00.000,2023-11-23T09:45:00.000,DEP,Sewer,Manhole Cover Missing (Emergency) (SA3),11416,QUEENS,40.68575338299483,-73.8407694119047,Closed,"The Department of Environmental Protection has determined that this issue was previously reported by another customer The original complaint is being addressed. If the condition persists, please call 311 (or 212-639-9675 if calling from a non-New York City area code) to submit a new complaint."
59529589,2023-11-23T16:47:00.000,2023-11-23T18:15:00.000,DEP,Sewer,Sewer Backup (Use Comments) (SA),11363,QUEENS,40.76991840974218,-73.74082783469393,Closed,The Department of Environmental Protection investigated this complaint and found there was no sewer back up in the city system at the time of the inspection.
59529590,2023-11-23T15:17:00.000,2023-11-23T18:50:00.000,DEP,Sewer,Sewer Backup (Use Comments) (SA),11374,QUEENS,40.715675473308956,-73.85861902223238,Closed,The Department of Environmental Protection investigated this complaint and found there was no sewer back up in the city system at the time of the inspection.
59520507,2023-11-22T06:44:00.000,2023-11-22T09:45:00.000,DEP,Sewer,Street Flooding (SJ),11375,QUEENS,40.73468167443239,-73.84897330946035,Closed,"The Department of Environment Protection inspected your complaint but could not find the problem you reported. If the condition persists, please call 311 (or 212-639-9675 if calling from a non-New York City area code) with more detailed information to submit a new complaint."
59531148,2023-11-23T09:20:00.000,2023-11-23T10:55:00.000,DEP,Sewer,Manhole Cover Missing (Emergency) (SA3),11423,QUEENS,40.71229214008983,-73.77900973710739,Closed,The Department of Environmental Protection investigated this complaint and resolved the issue with the sewer manhole cover.
59528772,2023-11-23T18:02:00.000,2023-11-23T20:10:00.000,DEP,Sewer,Sewer Backup (Use Comments) (SA),11422,QUEENS,40.654249441550995,-73.72829920683301,Closed,The Department of Environmental Protection investigated this complaint and found there was no sewer back up in the city system at the time of the inspection.
59524304,2023-11-22T11:14:00.000,2023-11-22T12:35:00.000,DEP,Sewer,Catch Basin Clogged/Flooding (Use Comments) (SC),11375,QUEENS,40.734036070601775,-73.84852734359974,Closed,"The Department of Environment Protection inspected your complaint but could not find the problem you reported. If the condition persists, please call 311 (or 212-639-9675 if calling from a non-New York City area code) with more detailed information to submit a new complaint."
59526754,2023-11-22T17:29:00.000,2023-11-22T20:30:00.000,DEP,Sewer,Sewer Backup (Use Comments) (SA),11423,QUEENS,40.7203915596151,-73.76095225646525,Closed,The Department of Environmental Protection investigated this complaint and found there was no sewer back up in the city system at the time of the inspection.
59524305,2023-11-22T16:41:00.000,2023-11-23T11:30:00.000,DEP,Sewer,Catch Basin Search (SC2),11435,QUEENS,40.69823053254692,-73.80636375386045,Closed,The Department of Environmental Protection (DEP) investigated this request and completed a search of the catch basin.
59530382,2023-11-23T14:59:00.000,2023-11-23T17:35:00.000,DEP,Sewer,Sewer Backup (Use Comments) (SA),11435,QUEENS,40.7064084519729,-73.81208203595823,Closed,The Department of Environmental Protection investigated this complaint and found there was no sewer back up in the city system at the time of the inspection.
59526753,2023-11-22T22:05:00.000,2023-11-23T01:05:00.000,DEP,Sewer,Sewer Backup (Use Comments) (SA),11357,QUEENS,40.78689533353679,-73.82049277869119,Closed,The Department of Environmental Protection investigated this complaint and found there was no sewer back up in the city system at the time of the inspection.
59525213,2023-11-22T15:27:15.000,2024-02-21T15:20:16.000,DPR,Root/Sewer/Sidewalk Condition,Trees and Sidewalks Program,11366,QUEENS,40.727038814445514,-73.80105937949396,Closed,"NYC Parks inspected the requested repair site. This site meets the criteria for repair under the Trees & Sidewalks Program. The timeframe for repair work depends on available funding for the program, the severity of damage, and the other sidewalk requests in the surrounding district."
59516755,2023-11-21T14:32:00.000,2023-11-21T16:45:00.000,DEP,Sewer,Catch Basin Grating Missing (SA4),11364,QUEENS,40.74969364456795,-73.75653777783697,Closed,The Department of Environmental Protection investigated this complaint and replaced the damaged or missing catch basin.
59523057,2023-11-22T08:23:00.000,2023-11-22T10:25:00.000,DEP,Sewer,Sewer Backup (Use Comments) (SA),11365,QUEENS,40.73881432772215,-73.79818428135178,Closed,"The Department of Environmental Protection has investigated this complaint. Upon investigation, there was no indication of a city sewer issue and there is a suspected sewer backup due to an internal plumbing issue."
59525555,2023-11-22T10:50:00.000,2023-11-22T13:50:00.000,DEP,Sewer,Catch Basin Clogged/Flooding (Use Comments) (SC),11379,QUEENS,40.72474078455073,-73.88518202217114,Closed,"The Department of Environment Protection inspected your complaint but could not find the problem you reported. If the condition persists, please call 311 (or 212-639-9675 if calling from a non-New York City area code) with more detailed information to submit a new complaint."
59535985,2023-11-24T14:11:42.000,2024-02-28T15:20:58.000,DPR,Root/Sewer/Sidewalk Condition,Trees and Sidewalks Program,11421,QUEENS,40.685915372607575,-73.85979267468143,Closed,"NYC Parks inspected and determined this site does not rate high enough to be repaired by NYC Parks at this time.   We understand conditions may become worse over time. In three years, you may submit a service request via 311, the Parks website, or NYC Tree Map for a new inspection.   You can repair the sidewalk yourself by hiring an independent contractor. The contractor must complete a Tree Work Permit application on the NYC Parks website."
59526755,2023-11-22T17:14:00.000,2023-11-22T20:00:00.000,DEP,Sewer,Sewer Backup (Use Comments) (SA),11428,QUEENS,40.72340452564562,-73.73788803323073,Closed,The Department of Environmental Protection investigated this complaint and found there was no sewer back up in the city system at the time of the inspection.
59527657,2023-11-22T08:01:42.000,2024-02-19T23:29:10.000,DPR,Root/Sewer/Sidewalk Condition,Trees and Sidewalks Program,11360,QUEENS,40.78394484763338,-73.79275013939554,Closed,"NYC Parks inspected and determined this site does not rate high enough to be repaired by NYC Parks at this time.   We understand conditions may become worse over time. In three years, you may submit a service request via 311, the Parks website, or NYC Tree Map for a new inspection.   You can repair the sidewalk yourself by hiring an independent contractor. The contractor must complete a Tree Work Permit application on the NYC Parks website."
59534266,2023-11-24T15:44:00.000,2023-11-27T10:10:00.000,DEP,Sewer,Catch Basin Clogged/Flooding (Use Comments) (SC),11358,QUEENS,40.75116478328302,-73.78550733420926,Closed,"The Department of Environmental Protection inspected your complaint and cleaned the catch basin or inlet. If the condition returns, please call 311 (or 212-639-9675 if calling from a non-New York City area code) to submit a new complaint."
59534267,2023-11-24T09:14:00.000,2023-11-24T09:15:00.000,DEP,Sewer,Catch Basin Clogged/Flooding (Use Comments) (SC),11357,QUEENS,40.77474198858569,-73.7928979276221,Closed,"The Department of Environmental Protection has determined that this issue was previously reported by another customer The original complaint is being addressed. If the condition persists, please call 311 (or 212-639-9675 if calling from a non-New York City area code) to submit a new complaint."
59536226,2023-11-24T09:11:00.000,2023-11-25T08:15:00.000,DEP,Sewer,Catch Basin Clogged/Flooding (Use Comments) (SC),11357,QUEENS,40.77474198858569,-73.7928979276221,Closed,"The Department of Environment Protection inspected your complaint but could not find the problem you reported. If the condition persists, please call 311 (or 212-639-9675 if calling from a non-New York City area code) with more detailed information to submit a new complaint."
59536228,2023-11-24T20:20:00.000,2023-11-24T21:00:00.000,DEP,Sewer,Sewer Backup (Use Comments) (SA),11416,QUEENS,40.687573965449914,-73.84951991177694,Closed,The Department of Environmental Protection investigated this complaint and found there was no sewer back up in the city system at the time of the inspection.
59538874,2023-11-24T17:35:11.000,2024-01-11T21:05:10.000,DPR,Root/Sewer/Sidewalk Condition,Trees and Sidewalks Program,11426,QUEENS,40.7275998768939,-73.7278197483792,Closed,"NYC Parks inspected the requested repair site. This site meets the criteria for repair under the Trees & Sidewalks Program. The timeframe for repair work depends on available funding for the program, the severity of damage, and the other sidewalk requests in the surrounding district."
59535986,2023-11-24T12:51:37.000,2024-02-14T13:38:45.000,DPR,Root/Sewer/Sidewalk Condition,Trees and Sidewalks Program,11420,QUEENS,40.66866616889089,-73.80779055625808,Closed,"NYC Parks inspected the requested repair site. This site meets the criteria for repair under the Trees & Sidewalks Program. The timeframe for repair work depends on available funding for the program, the severity of damage, and the other sidewalk requests in the surrounding district."
59535247,2023-11-24T13:53:00.000,2023-11-24T15:00:00.000,DEP,Sewer,Sewer Backup (Use Comments) (SA),11358,QUEENS,40.76885543842675,-73.80281537498894,Closed,The Department of Environmental Protection investigated this complaint and found there was no sewer back up in the city system at the time of the inspection.
59526750,2023-11-22T11:50:00.000,2023-11-22T12:50:00.000,DEP,Sewer,Sewer Backup (Use Comments) (SA),11434,QUEENS,40.67721518711997,-73.78112326879362,Closed,The Department of Environmental Protection investigated this complaint and found there was no sewer back up in the city system at the time of the inspection.
59525559,2023-11-22T16:56:00.000,2023-11-22T17:01:00.000,DEP,Sewer,Catch Basin Search (SC2),11435,QUEENS,40.69823053254692,-73.80636375386045,Closed,"The Department of Environmental Protection has determined that this issue was previously reported by another customer The original complaint is being addressed. If the condition persists, please call 311 (or 212-639-9675 if calling from a non-New York City area code) to submit a new complaint."
59537204,2023-11-24T22:47:00.000,2023-11-25T09:10:00.000,DEP,Sewer,Catch Basin Search (SC2),11432,QUEENS,40.70668578243239,-73.79914358147364,Closed,The Department of Environmental Protection (DEP) investigated this request and completed a search of the catch basin.
59537205,2023-11-24T10:02:00.000,2023-11-24T14:15:00.000,DEP,Sewer,Sewer Backup (Use Comments) (SA),11691,QUEENS,40.60309868201879,-73.75581911877488,Closed,The Department of Environmental Protection has investigated this complaint. Surcharge conditions have been confirmed and attributed to grease. Work was performed to relieve the blockage.
59542002,2023-11-25T00:05:00.000,2023-11-26T08:00:00.000,DEP,Sewer,Catch Basin Search (SC2),11379,QUEENS,40.72109311235179,-73.86740646060207,Closed,The Department of Environmental Protection resolved this complaint by speaking to the complainant on the phone.
59541736,2023-11-25T00:14:34.000,2024-03-04T14:54:12.000,DPR,Root/Sewer/Sidewalk Condition,Trees and Sidewalks Program,11432,QUEENS,40.71134929899078,-73.79000001947658,Closed,"NYC Parks inspected the requested repair site. This site meets the criteria for repair under the Trees & Sidewalks Program. The timeframe for repair work depends on available funding for the program, the severity of damage, and the other sidewalk requests in the surrounding district."
59526456,2023-11-22T15:56:19.000,2024-01-17T22:18:13.000,DPR,Root/Sewer/Sidewalk Condition,Trees and Sidewalks Program,11361,QUEENS,40.75641025600912,-73.76861594725871,Closed,"NYC Parks inspected the requested repair site. This site meets the criteria for repair under the Trees & Sidewalks Program. The timeframe for repair work depends on available funding for the program, the severity of damage, and the other sidewalk requests in the surrounding district."
59535246,2023-11-24T16:20:00.000,2023-11-24T18:10:00.000,DEP,Sewer,Sewer Backup (Use Comments) (SA),11691,QUEENS,40.60309868201879,-73.75581911877488,Closed,The Department of Environmental Protection investigated this complaint and found there was no sewer back up in the city system at the time of the inspection.
59525556,2023-11-22T07:26:00.000,2023-11-29T01:11:00.000,DEP,Sewer,Catch Basin Clogged/Flooding (Use Comments) (SC),11356,QUEENS,40.78495603238681,-73.8419477058327,Closed,"The status of this Service Request is currently not available online. Please call 311 for further assistance. If you are outside of New York City, please call (212) NEW-YORK (212-639-9675)."
59538873,2023-11-24T16:09:46.000,2025-02-14T13:52:01.000,DPR,Root/Sewer/Sidewalk Condition,Trees and Sidewalks Program,11415,QUEENS,40.71332909243634,-73.82860144858229,Closed,NYC Parks inspected and determined that the site is ineligible for the Trees and Sidewalks Program because of one or more of the following reasons:  - The property adjacent to the sidewalk is not in Tax Class 1 - The property adjacent to the sidewalk is not owner-occupied - The property adjacent to the sidewalk contains a place of business  You can repair the sidewalk yourself by hiring an independent contractor. The contractor must complete a Tree Work Permit application on the NYC Parks website.
59547291,2023-11-25T15:50:00.000,2023-11-25T19:00:00.000,DEP,Sewer,Sewer Backup (Use Comments) (SA),11691,QUEENS,40.60165979848498,-73.75169385711786,Closed,The Department of Environmental Protection investigated this complaint and found there was no sewer back up in the city system at the time of the inspection.
59544149,2023-11-25T18:08:00.000,2023-11-25T18:40:00.000,DEP,Sewer,Manhole Overflow (Use Comments) (SA1),11378,QUEENS,40.73204118022564,-73.89912952581331,Closed,"The Department of Environmental Protection has determined that this issue was previously reported by another customer The original complaint is being addressed. If the condition persists, please call 311 (or 212-639-9675 if calling from a non-New York City area code) to submit a new complaint."
59547293,2023-11-25T11:29:00.000,2023-11-25T12:55:00.000,DEP,Sewer,Sewer Odor (SA2),11429,QUEENS,40.708834600972125,-73.74740994962221,Closed,"The Department of Environmental Protection has investigated this complaint. Upon investigation, there was no indication of a city sewer issue and there is a suspected sewer backup due to an internal plumbing issue."
59537207,2023-11-24T13:17:00.000,2023-11-24T17:25:00.000,DEP,Sewer,Sewer Backup (Use Comments) (SA),11422,QUEENS,40.654249441550995,-73.72829920683301,Closed,The Department of Environmental Protection investigated this complaint and found there was no sewer back up in the city system at the time of the inspection.
59542786,2023-11-25T16:50:21.000,2024-02-13T16:43:14.000,DPR,Root/Sewer/Sidewalk Condition,Trees and Sidewalks Program,11369,QUEENS,40.75758477601677,-73.88006117660095,Closed,"NYC Parks inspected the requested repair site. This site meets the criteria for repair under the Trees & Sidewalks Program. The timeframe for repair work depends on available funding for the program, the severity of damage, and the other sidewalk requests in the surrounding district."
59548378,2023-11-25T11:23:00.000,2023-11-26T10:40:00.000,DEP,Sewer,Catch Basin Clogged/Flooding (Use Comments) (SC),11375,QUEENS,40.725104071180354,-73.85232863630053,Closed,"The Department of Environment Protection inspected your complaint but could not find the problem you reported. If the condition persists, please call 311 (or 212-639-9675 if calling from a non-New York City area code) with more detailed information to submit a new complaint."
59548117,2023-11-25T17:27:45.000,2024-01-11T21:05:10.000,DPR,Root/Sewer/Sidewalk Condition,Trees and Sidewalks Program,11004,QUEENS,40.7460949094975,-73.70367599065817,Closed,"NYC Parks inspected the requested repair site. This site meets the criteria for repair under the Trees & Sidewalks Program. The timeframe for repair work depends on available funding for the program, the severity of damage, and the other sidewalk requests in the surrounding district."
59548383,2023-11-25T08:38:00.000,2023-11-25T13:35:00.000,DEP,Sewer,Sewer Odor (SA2),11413,QUEENS,40.68147356251266,-73.74567479906389,Closed,The Department of Environmental Protection investigated this complaint and found there was no sewer back up in the city system at the time of the inspection.
59537208,2023-11-24T07:02:00.000,2023-11-24T09:00:00.000,DEP,Sewer,Sewer Backup (Use Comments) (SA),11377,QUEENS,40.74399867166741,-73.90067404771236,Closed,"The Department of Environmental Protection has investigated this complaint. Upon investigation, there was no indication of a city sewer issue and there is a suspected sewer backup due to an internal plumbing issue."
59544147,2023-11-25T20:59:00.000,2023-11-26T10:00:00.000,DEP,Sewer,Catch Basin Search (SC2),11420,QUEENS,40.674521452981395,-73.80331058846771,Closed,The Department of Environmental Protection (DEP) investigated this request and completed a search of the catch basin.
59541735,2023-11-24T11:18:49.000,2024-02-05T21:40:17.000,DPR,Root/Sewer/Sidewalk Condition,Trees and Sidewalks Program,11377,QUEENS,40.757991720983746,-73.89789906122458,Closed,"NYC Parks inspected the requested repair site. This site meets the criteria for repair under the Trees & Sidewalks Program. The timeframe for repair work depends on available funding for the program, the severity of damage, and the other sidewalk requests in the surrounding district."
59549439,2023-11-25T13:05:00.000,2023-11-25T18:35:00.000,DEP,Sewer,Sewer Backup (Use Comments) (SA),11691,QUEENS,40.60309868201879,-73.75581911877488,Closed,The Department of Environmental Protection has investigated this complaint. Surcharge conditions have been confirmed and attributed to grease. Work was performed to relieve the blockage.
59549436,2023-11-25T05:26:00.000,2023-11-25T06:25:00.000,DEP,Sewer,Sewer Backup (Use Comments) (SA),11429,QUEENS,40.703175607327005,-73.73313827847852,Closed,The Department of Environmental Protection investigated this complaint and found there was no sewer back up in the city system at the time of the inspection.
59543888,2023-11-25T22:40:49.000,2024-02-28T15:20:58.000,DPR,Root/Sewer/Sidewalk Condition,Trees and Sidewalks Program,11421,QUEENS,40.69313621927705,-73.85925821396219,Closed,"NYC Parks inspected and determined this site does not rate high enough to be repaired by NYC Parks at this time.   We understand conditions may become worse over time. In three years, you may submit a service request via 311, the Parks website, or NYC Tree Map for a new inspection.   You can repair the sidewalk yourself by hiring an independent contractor. The contractor must complete a Tree Work Permit application on the NYC Parks website."
59547284,2023-11-25T17:41:00.000,2023-11-30T00:40:00.000,DEP,Sewer,Catch Basin Clogged/Flooding (Use Comments) (SC),11358,QUEENS,40.76781193146422,-73.80092675469643,Closed,The Department of Environmental Protection has investigated this complaint and found that debris was obstructing the catch basin.
59546233,2023-11-25T23:05:00.000,2023-11-26T01:20:00.000,DEP,Sewer,Sewer Backup (Use Comments) (SA),11691,QUEENS,40.60164882712181,-73.75169749907445,Closed,The Department of Environmental Protection investigated this complaint and found there was no sewer back up in the city system at the time of the inspection.
59546231,2023-11-25T15:14:00.000,2023-11-25T15:54:00.000,DEP,Sewer,Manhole Overflow (Use Comments) (SA1),11378,QUEENS,40.73204118022564,-73.89912952581331,Closed,"The Department of Environmental Protection has determined that this issue was previously reported by another customer The original complaint is being addressed. If the condition persists, please call 311 (or 212-639-9675 if calling from a non-New York City area code) to submit a new complaint."
59534269,2023-11-24T10:26:00.000,2023-11-24T11:20:00.000,DEP,Sewer,Sewer Backup (Use Comments) (SA),11370,QUEENS,40.763056220475214,-73.88387778556476,Closed,The Department of Environmental Protection investigated this complaint and found there was no sewer back up in the city system at the time of the inspection.
59538872,2023-11-24T11:54:08.000,2023-11-27T09:14:41.000,DPR,Root/Sewer/Sidewalk Condition,Affecting Sewer or Foundation,11414,QUEENS,40.657560911916796,-73.84621051209947,Closed,"The Service Request submitted did not have sufficient location or complaint information for NYC Parks to respond.  Please submit a new Service Request with adequate site details, including a full street address and descriptive location information."
59546228,2023-11-25T12:47:00.000,2023-11-26T10:05:00.000,DEP,Sewer,Culvert Blocked/Needs Cleaning (SE),11373,QUEENS,40.74184186444486,-73.8810025231725,Closed,"The Department of Environment Protection inspected your complaint but could not find the problem you reported. If the condition persists, please call 311 (or 212-639-9675 if calling from a non-New York City area code) with more detailed information to submit a new complaint."
59545184,2023-11-25T12:41:00.000,2023-11-25T14:45:00.000,DEP,Sewer,Sewer Backup (Use Comments) (SA),11413,QUEENS,40.66398173083352,-73.74475024818133,Closed,The Department of Environmental Protection has investigated this complaint. Surcharge conditions have been confirmed and attributed to grease. Work was performed to relieve the blockage.
59554210,2023-11-26T13:32:00.000,2023-11-26T15:15:00.000,DEP,Sewer,Sewer Backup (Use Comments) (SA),11370,QUEENS,40.7637252335884,-73.88591982578365,Closed,"The Department of Environmental Protection has investigated this complaint. Upon investigation, there was no indication of a city sewer issue and there is a suspected sewer backup due to an internal plumbing issue."
59548381,2023-11-25T13:05:00.000,2023-11-25T14:05:00.000,DEP,Sewer,Sewer Backup (Use Comments) (SA),11434,QUEENS,40.683802197487154,-73.76691005390421,Closed,"The Department of Environmental Protection has investigated this complaint. Upon investigation, there was no indication of a city sewer issue and there is a suspected sewer backup due to an internal plumbing issue."
59551179,2023-11-26T11:17:00.000,,DEP,Sewer,Manhole Overflow (Use Comments) (SA1),11378,QUEENS,40.73221957651178,-73.89911482296922,Open,
59550452,2023-11-26T22:11:00.000,2023-11-27T03:00:00.000,DEP,Sewer,Sewer Backup (Use Comments) (SA),11416,QUEENS,40.687573965449914,-73.84951991177694,Closed,The Department of Environmental Protection has investigated this complaint. Surcharge conditions have been confirmed and attributed to grease. Work was performed to relieve the blockage.
59557673,2023-11-27T09:38:00.000,2023-11-27T10:50:00.000,DEP,Sewer,Sewer Backup (Use Comments) (SA),11692,QUEENS,40.59685822451041,-73.79896623180704,Closed,The Department of Environmental Protection investigated this complaint and found there was no sewer back up in the city system at the time of the inspection.
59547289,2023-11-25T17:35:00.000,2023-11-25T20:20:00.000,DEP,Sewer,Sewer Backup (Use Comments) (SA),11423,QUEENS,40.71415134403308,-73.76428968185243,Closed,The Department of Environmental Protection investigated this complaint and found there was no sewer back up in the city system at the time of the inspection.
59554209,2023-11-26T14:17:00.000,2023-11-26T15:00:00.000,DEP,Sewer,Sewer Backup (Use Comments) (SA),11369,QUEENS,40.76964897912809,-73.8784437291559,Closed,The Department of Environmental Protection investigated this complaint and found there was no sewer back up in the city system at the time of the inspection.
59558321,2023-11-27T00:17:00.000,2023-11-27T05:20:00.000,DEP,Sewer,Manhole Overflow (Use Comments) (SA1),11435,QUEENS,40.7162471533393,-73.81638310361498,Closed,"The status of this Department of Environmental Protection (DEP) Service Request is not available online. Please call 311 and ask for further assistance with the status. If you are outside of New York City, please call (212) NEW-YORK (212-639-9675)."
59558320,2023-11-27T00:47:00.000,2023-11-27T04:25:00.000,DEP,Sewer,Manhole Overflow (Use Comments) (SA1),11362,QUEENS,40.772038973062315,-73.73430647542173,Closed,"The status of this Department of Environmental Protection (DEP) Service Request is not available online. Please call 311 and ask for further assistance with the status. If you are outside of New York City, please call (212) NEW-YORK (212-639-9675)."
59557023,2023-11-27T10:50:00.000,2023-11-27T13:00:00.000,DEP,Sewer,Sewer Backup (Use Comments) (SA),11370,QUEENS,40.763056220475214,-73.88387778556476,Closed,"The Department of Environmental Protection has investigated this complaint. Upon investigation, there was no indication of a city sewer issue and there is a suspected sewer backup due to an internal plumbing issue."
59556421,2023-11-27T08:38:00.000,2023-12-07T11:55:00.000,DEP,Sewer,Street Flooding (SJ),11691,QUEENS,40.59676246440111,-73.76986775330938,Closed,"The Department of Environment Protection inspected your complaint but could not find the problem you reported. If the condition persists, please call 311 (or 212-639-9675 if calling from a non-New York City area code) with more detailed information to submit a new complaint."
59557676,2023-11-27T18:41:00.000,2023-11-27T22:00:00.000,DEP,Sewer,Sewer Backup (Use Comments) (SA),11422,QUEENS,40.67174381898038,-73.73496196957937,Closed,The Department of Environmental Protection investigated this complaint and found there was no sewer back up in the city system at the time of the inspection.
59554206,2023-11-26T19:20:00.000,2023-11-26T20:45:00.000,DEP,Sewer,Sewer Backup (Use Comments) (SA),11692,QUEENS,40.5961618749893,-73.80102081451437,Closed,The Department of Environmental Protection investigated this complaint and found there was no sewer back up in the city system at the time of the inspection.
59548118,2023-11-25T11:29:21.000,2024-01-16T08:50:04.000,DPR,Root/Sewer/Sidewalk Condition,Trees and Sidewalks Program,11362,QUEENS,40.75949444991138,-73.73988294959368,Closed,"NYC Parks inspected and determined this site does not rate high enough to be repaired by NYC Parks at this time.   We understand conditions may become worse over time. In three years, you may submit a service request via 311, the Parks website, or NYC Tree Map for a new inspection.   You can repair the sidewalk yourself by hiring an independent contractor. The contractor must complete a Tree Work Permit application on the NYC Parks website."
59558324,2023-11-27T13:38:00.000,2023-11-27T18:35:00.000,DEP,Sewer,Sewer Backup (Use Comments) (SA),11419,QUEENS,40.69134120313,-73.81303681688864,Closed,The Department of Environmental Protection investigated this complaint and found there was no sewer back up in the city system at the time of the inspection.
59551965,2023-11-26T17:29:00.000,2023-11-26T20:00:00.000,DEP,Sewer,Sewer Backup (Use Comments) (SA),11373,QUEENS,40.73794200452584,-73.86638419937594,Closed,The Department of Environmental Protection investigated this complaint and found there was no sewer back up in the city system at the time of the inspection.
59546234,2023-11-25T14:41:00.000,2023-11-25T20:55:00.000,DEP,Sewer,Sewer Backup (Use Comments) (SA),11354,QUEENS,40.76262572793053,-73.81491960143579,Closed,The Department of Environmental Protection has investigated this complaint. Surcharge conditions have been confirmed and attributed to grease. Work was performed to relieve the blockage.
59551963,2023-11-26T13:44:00.000,2023-11-30T10:25:00.000,DEP,Sewer,Catch Basin Search (SC2),11434,QUEENS,40.66877262754909,-73.76870007919167,Closed,The Department of Environmental Protection (DEP) investigated this request and completed a search of the catch basin.
59551178,2023-11-26T11:56:00.000,2023-11-26T17:00:00.000,DEP,Sewer,Catch Basin Search (SC2),11418,QUEENS,40.69591798238263,-73.82071609050077,Closed,The Department of Environmental Protection (DEP) investigated this request and completed a search of the catch basin.
59557677,2023-11-27T16:29:00.000,2023-11-27T19:20:00.000,DEP,Sewer,Sewer Backup (Use Comments) (SA),11354,QUEENS,40.76968637844723,-73.8072571135725,Closed,The Department of Environmental Protection investigated this complaint and found there was no sewer back up in the city system at the time of the inspection.
59547290,2023-11-25T16:02:00.000,2023-11-25T19:35:00.000,DEP,Sewer,Sewer Backup (Use Comments) (SA),11691,QUEENS,40.604480406240484,-73.76422671545933,Closed,The Department of Environmental Protection investigated this complaint and found there was no sewer back up in the city system at the time of the inspection.
59558325,2023-11-27T07:23:00.000,2023-11-27T09:15:00.000,DEP,Sewer,Street Flooding (SJ),11691,QUEENS,40.608871977631836,-73.75498405346544,Closed,The Department of Environmental Protection investigated this complaint and resolved the street flooding.
59549433,2023-11-25T13:35:00.000,2023-11-26T13:10:00.000,DEP,Sewer,Catch Basin Clogged/Flooding (Use Comments) (SC),11364,QUEENS,40.74355059508679,-73.75382473809461,Closed,"The Department of Environmental Protection inspected your complaint and cleaned the catch basin or inlet. If the condition returns, please call 311 (or 212-639-9675 if calling from a non-New York City area code) to submit a new complaint."
59554953,2023-11-26T11:26:00.000,2023-11-26T12:50:00.000,DEP,Sewer,Sewer Backup (Use Comments) (SA),11373,QUEENS,40.732545817130955,-73.873683619021,Closed,"The Department of Environmental Protection has investigated this complaint. Upon investigation, there was no indication of a city sewer issue and there is a suspected sewer backup due to an internal plumbing issue."
59551964,2023-11-26T12:56:00.000,2023-11-26T17:25:00.000,DEP,Sewer,Catch Basin Search (SC2),11420,QUEENS,40.674521452981395,-73.80331058846771,Closed,"The status of this Department of Environmental Protection (DEP) Service Request is not available online. Please call 311 and ask for further assistance with the status. If you are outside of New York City, please call (212) NEW-YORK (212-639-9675)."
59554954,2023-11-26T01:32:00.000,2023-11-26T12:50:00.000,DEP,Sewer,Sewer Backup (Use Comments) (SA),11691,QUEENS,40.603109875352345,-73.755919912341,Closed,The Department of Environmental Protection has investigated this complaint. Surcharge conditions have been confirmed and is attributed to a defective sewer.
59546230,2023-11-25T15:50:00.000,2023-11-25T16:45:00.000,DEP,Sewer,Manhole Cover Missing (Emergency) (SA3),11416,QUEENS,40.68575338299483,-73.8407694119047,Closed,"The Department of Environment Protection inspected your complaint but could not find the problem you reported. If the condition persists, please call 311 (or 212-639-9675 if calling from a non-New York City area code) with more detailed information to submit a new complaint."
59551909,2023-11-26T09:47:00.000,2023-12-05T08:21:00.000,DEP,Sewer,RAIN GARDEN DEBRIS (GIRGD),11379,QUEENS,40.7259264911503,-73.87717414151027,Closed,"NYC DEP investigated and determined the infrastructure required cleaning, which was completed at the time of the inspection."
59552712,2023-11-26T16:59:00.000,2023-11-26T18:49:00.000,DEP,Sewer,Sewer Backup (Use Comments) (SA),11691,QUEENS,40.60313592172519,-73.75526079135183,Closed,"The Department of Environmental Protection has determined that this issue was previously reported by another customer The original complaint is being addressed. If the condition persists, please call 311 (or 212-639-9675 if calling from a non-New York City area code) to submit a new complaint."
59563956,2023-11-28T09:14:00.000,2023-11-28T11:10:00.000,DEP,Sewer,Sewer Backup (Use Comments) (SA),11693,QUEENS,40.59046082934854,-73.81071966747837,Closed,The Department of Environmental Protection investigated this complaint and found there was no sewer back up in the city system at the time of the inspection.
59560197,2023-11-27T12:05:00.000,2023-11-27T13:15:00.000,DEP,Sewer,Catch Basin Grating Missing (SA4),11420,QUEENS,40.6788553014457,-73.81650408267643,Closed,"The Department of Environmental Protection has determined that this issue was previously reported by another customer The original complaint is being addressed. If the condition persists, please call 311 (or 212-639-9675 if calling from a non-New York City area code) with more detailed information to submit a new complaint."
59566503,2023-11-28T20:41:00.000,2023-12-06T19:15:00.000,DEP,Sewer,Street Flooding (SJ),11419,QUEENS,40.68181972402678,-73.8308745643702,Closed,"The Department of Environment Protection inspected your complaint but could not find the problem you reported. If the condition persists, please call 311 (or 212-639-9675 if calling from a non-New York City area code) with more detailed information to submit a new complaint."
59558945,2023-11-27T08:44:00.000,2023-12-02T11:15:00.000,DEP,Sewer,Street Flooding (SJ),11692,QUEENS,40.593408380518035,-73.79918185811925,Closed,"The Department of Environment Protection inspected your complaint but could not find the problem you reported. If the condition persists, please call 311 (or 212-639-9675 if calling from a non-New York City area code) with more detailed information to submit a new complaint."
59558942,2023-11-27T06:35:00.000,2023-11-27T09:25:00.000,DEP,Sewer,Sewer Backup (Use Comments) (SA),11417,QUEENS,40.673965769176206,-73.83966196384331,Closed,The Department of Environmental Protection investigated this complaint and found there was no sewer back up in the city system at the time of the inspection.
59566504,2023-11-28T10:50:00.000,2023-12-02T09:00:00.000,DEP,Sewer,Street Flooding (SJ),11422,QUEENS,40.64137744872222,-73.7431107363915,Closed,"The Department of Environment Protection inspected your complaint but could not find the problem you reported. If the condition persists, please call 311 (or 212-639-9675 if calling from a non-New York City area code) with more detailed information to submit a new complaint."
59566500,2023-11-28T21:17:00.000,2023-11-29T04:00:00.000,DEP,Sewer,Sewer Backup (Use Comments) (SA),11378,QUEENS,40.71611959965635,-73.90322268592563,Closed,The Department of Environmental Protection investigated this complaint and found there was no sewer back up in the city system at the time of the inspection.
59559571,2023-11-27T12:05:00.000,2023-11-27T20:05:00.000,DEP,Sewer,Sewer Backup (Use Comments) (SA),11412,QUEENS,40.70547334689101,-73.76611292665777,Closed,The Department of Environmental Protection has investigated this complaint. Surcharge conditions have been confirmed due to rain intensity or volume.
59557678,2023-11-27T12:44:00.000,2023-11-27T14:15:00.000,DEP,Sewer,Sewer Odor (SA2),11422,QUEENS,40.6770501766668,-73.72935998873638,Closed,"The Department of Environment Protection inspected your complaint but could not find the problem you reported. If the condition persists, please call 311 (or 212-639-9675 if calling from a non-New York City area code) with more detailed information to submit a new complaint."
59560827,2023-11-27T13:44:00.000,2023-12-05T11:35:00.000,DEP,Sewer,Catch Basin Clogged/Flooding (Use Comments) (SC),11419,QUEENS,40.69134120313,-73.81303681688864,Closed,"The Department of Environmental Protection has determined that this issue was previously reported by another customer The original complaint is being addressed. If the condition persists, please call 311 (or 212-639-9675 if calling from a non-New York City area code) with more detailed information to submit a new complaint."
59560202,2023-11-27T07:59:00.000,2023-11-27T08:21:00.000,DEP,Sewer,Street Flooding (SJ),11691,QUEENS,40.60901181573513,-73.7549151107753,Closed,"The Department of Environmental Protection has determined that this issue was previously reported by another customer The original complaint is being addressed. If the condition persists, please call 311 (or 212-639-9675 if calling from a non-New York City area code) to submit a new complaint."
59558319,2023-11-27T22:02:00.000,2023-11-28T11:15:00.000,DEP,Sewer,Catch Basin Search (SC2),11427,QUEENS,40.727703850437855,-73.74818269199449,Closed,"The Department of Environmental Protection inspected your complaint and cleaned the catch basin or inlet. If the condition returns, please call 311 (or 212-639-9675 if calling from a non-New York City area code) to submit a new complaint."
59551966,2023-11-26T13:23:00.000,2023-11-26T14:30:00.000,DEP,Sewer,Sewer Backup (Use Comments) (SA),11433,QUEENS,40.69083215171379,-73.79612626788771,Closed,The Department of Environmental Protection has investigated this complaint. Surcharge conditions have been confirmed and attributed to grease. Work was performed to relieve the blockage.
59563953,2023-11-28T16:29:00.000,2023-11-28T19:00:00.000,DEP,Sewer,Sewer Backup (Use Comments) (SA),11691,QUEENS,40.60455402762855,-73.76398876905857,Closed,The Department of Environmental Protection investigated this complaint and found there was no sewer back up in the city system at the time of the inspection.
59554952,2023-11-26T15:59:00.000,2023-11-26T18:05:00.000,DEP,Sewer,Sewer Backup (Use Comments) (SA),11436,QUEENS,40.675865135257375,-73.80098129997486,Closed,The Department of Environmental Protection investigated this complaint and found there was no sewer back up in the city system at the time of the inspection.
59566497,2023-11-28T12:26:00.000,2023-12-07T12:25:00.000,DEP,Sewer,Catch Basin Sunken/Damaged/Raised (SC1),11419,QUEENS,40.68629170980202,-73.82404841573234,Closed,"The Department of Environmental Protection inspected your complaint and cleaned the catch basin or inlet. If the condition returns, please call 311 (or 212-639-9675 if calling from a non-New York City area code) to submit a new complaint."
59565711,2023-11-27T12:22:00.000,2024-02-26T13:21:10.000,DPR,Root/Sewer/Sidewalk Condition,Trees and Sidewalks Program,11418,QUEENS,40.693745243381784,-73.84209180226043,Closed,"NYC Parks inspected and determined this site does not rate high enough to be repaired by NYC Parks at this time.   We understand conditions may become worse over time. In three years, you may submit a service request via 311, the Parks website, or NYC Tree Map for a new inspection.   You can repair the sidewalk yourself by hiring an independent contractor. The contractor must complete a Tree Work Permit application on the NYC Parks website."
59559640,2023-11-27T12:21:00.000,2023-11-28T13:59:00.000,DOT,Street Light Condition,Flood Light Lamp Dayburning,11377,QUEENS,40.74547579795259,-73.90445038051388,Closed,Service Request status for this request is available on the Department of Transportationâs website. Please click the âLearn Moreâ link below.
59560201,2023-11-27T13:26:00.000,2023-11-27T17:55:00.000,DEP,Sewer,Sewer Backup (Use Comments) (SA),11436,QUEENS,40.675865135257375,-73.80098129997486,Closed,"The Department of Environmental Protection has investigated this complaint. Upon investigation, there was no indication of a city sewer issue and there is a suspected sewer backup due to an internal plumbing issue."
59554211,2023-11-26T11:35:00.000,2023-11-26T13:20:00.000,DEP,Sewer,Sewer Backup (Use Comments) (SA),11691,QUEENS,40.604480406240484,-73.76422671545933,Closed,The Department of Environmental Protection has investigated this complaint. Surcharge conditions have been confirmed and attributed to grease. Work was performed to relieve the blockage.
59559568,2023-11-27T08:29:00.000,2023-11-29T09:05:00.000,DEP,Sewer,Catch Basin Clogged/Flooding (Use Comments) (SC),11694,QUEENS,40.5759456473295,-73.85784926420376,Closed,"The Department of Environmental Protection inspected your complaint and cleaned the catch basin or inlet. If the condition returns, please call 311 (or 212-639-9675 if calling from a non-New York City area code) to submit a new complaint."
59560831,2023-11-27T10:08:00.000,2023-11-27T14:00:00.000,DEP,Sewer,Sewer Backup (Use Comments) (SA),11435,QUEENS,40.68793854173982,-73.79733224382572,Closed,The Department of Environmental Protection investigated this complaint and found there was no sewer back up in the city system at the time of the inspection.
59565714,2023-11-28T13:52:25.000,2024-02-12T15:49:39.000,DPR,Root/Sewer/Sidewalk Condition,Trees and Sidewalks Program,11694,QUEENS,40.57181182833082,-73.86454959778499,Closed,"NYC Parks inspected and determined this site does not rate high enough to be repaired by NYC Parks at this time.   We understand conditions may become worse over time. In three years, you may submit a service request via 311, the Parks website, or NYC Tree Map for a new inspection.   You can repair the sidewalk yourself by hiring an independent contractor. The contractor must complete a Tree Work Permit application on the NYC Parks website."
59560826,2023-11-27T14:08:00.000,2023-11-28T13:55:00.000,DEP,Sewer,Catch Basin Clogged/Flooding (Use Comments) (SC),11375,QUEENS,40.7340490732106,-73.84591490458038,Closed,"The Department of Environment Protection inspected your complaint but could not find the problem you reported. If the condition persists, please call 311 (or 212-639-9675 if calling from a non-New York City area code) with more detailed information to submit a new complaint."
59563193,2023-11-27T11:15:50.000,2025-01-17T12:26:27.000,DPR,Root/Sewer/Sidewalk Condition,Trees and Sidewalks Program,11379,QUEENS,40.71774092151088,-73.89297888217706,Closed,"NYC Parks inspected and determined this site does not rate high enough to be repaired by NYC Parks at this time.   We understand conditions may become worse over time. In three years, you may submit a service request via 311, the Parks website, or NYC Tree Map for a new inspection.   You can repair the sidewalk yourself by hiring an independent contractor. The contractor must complete a Tree Work Permit application on the NYC Parks website."
59558944,2023-11-27T08:56:00.000,2023-11-27T10:15:00.000,DEP,Sewer,Sewer Backup (Use Comments) (SA),11428,QUEENS,40.72097271710439,-73.73077618792688,Closed,The Department of Environmental Protection investigated this complaint and found there was no sewer back up in the city system at the time of the inspection.
59563194,2023-11-28T13:01:34.000,2024-05-03T14:53:34.000,DPR,Root/Sewer/Sidewalk Condition,Trees and Sidewalks Program,11365,QUEENS,40.73201157269732,-73.78832203960586,Closed,NYC Parks inspected and determined that the site is ineligible for the Trees and Sidewalks Program because of one or more of the following reasons:  - The property adjacent to the sidewalk is not in Tax Class 1 - The property adjacent to the sidewalk is not owner-occupied - The property adjacent to the sidewalk contains a place of business  You can repair the sidewalk yourself by hiring an independent contractor. The contractor must complete a Tree Work Permit application on the NYC Parks website.
59557675,2023-11-27T22:59:00.000,2023-11-28T09:25:00.000,DEP,Sewer,Sewer Backup (Use Comments) (SA),11434,QUEENS,40.67169374590308,-73.77880899700882,Closed,The Department of Environmental Protection has investigated this complaint. Surcharge conditions have been confirmed and attributed to grease. Work was performed to relieve the blockage.
59559635,2023-11-27T12:41:00.000,2023-12-05T16:13:00.000,DOT,Street Light Condition,Flood Light Lamp Out,11103,QUEENS,,,Closed,Service Request status for this request is available on the Department of Transportationâs website. Please click the âLearn Moreâ link below.
59559574,2023-11-27T15:59:00.000,2023-11-28T14:10:00.000,DEP,Sewer,Street Flooding (SJ),11375,QUEENS,40.73429640322562,-73.85030565040597,Closed,"The Department of Environment Protection inspected your complaint but could not find the problem you reported. If the condition persists, please call 311 (or 212-639-9675 if calling from a non-New York City area code) with more detailed information to submit a new complaint."
59570705,2023-11-27T15:27:27.000,2024-02-20T12:44:27.000,DPR,Root/Sewer/Sidewalk Condition,Trees and Sidewalks Program,11365,QUEENS,40.73248259815047,-73.7907380510159,Closed,"NYC Parks inspected and determined this site does not rate high enough to be repaired by NYC Parks at this time.   We understand conditions may become worse over time. In three years, you may submit a service request via 311, the Parks website, or NYC Tree Map for a new inspection.   You can repair the sidewalk yourself by hiring an independent contractor. The contractor must complete a Tree Work Permit application on the NYC Parks website."
59569003,2023-11-28T17:44:00.000,,DEP,Sewer,Catch Basin Sunken/Damaged/Raised (SC1),11368,QUEENS,40.754073279042,-73.85752689857662,Started,The Department of Environmental Protection has inspected your complaint and determined that further investigation is required. More information will be available once the condition is resolved. Please visit nyc.gov/311 or call 311 at a later time to check the status of your complaint.
59563949,2023-11-28T10:29:00.000,2023-11-28T13:30:00.000,DEP,Sewer,Catch Basin Clogged/Flooding (Use Comments) (SC),11106,QUEENS,40.76342327539575,-73.94053433949898,Closed,"The Department of Environment Protection inspected your complaint but could not find the problem you reported. If the condition persists, please call 311 (or 212-639-9675 if calling from a non-New York City area code) with more detailed information to submit a new complaint."
59568998,2023-11-28T10:26:00.000,2023-11-28T12:30:00.000,DEP,Sewer,Catch Basin Clogged/Flooding (Use Comments) (SC),11106,QUEENS,40.763129162152765,-73.93971516134236,Closed,"The Department of Environment Protection inspected your complaint but could not find the problem you reported. If the condition persists, please call 311 (or 212-639-9675 if calling from a non-New York City area code) with more detailed information to submit a new complaint."
59568243,2023-11-28T10:48:47.000,2023-11-29T09:08:57.000,DPR,Root/Sewer/Sidewalk Condition,Affecting Sewer or Foundation,11435,QUEENS,40.68793854173982,-73.79733224382572,Closed,"The Service Request submitted did not have sufficient location or complaint information for NYC Parks to respond.  Please submit a new Service Request with adequate site details, including a full street address and descriptive location information."
59569011,2023-11-28T11:26:00.000,2023-11-28T13:05:00.000,DEP,Sewer,Sewer Backup (Use Comments) (SA),11436,QUEENS,40.68207742827388,-73.80468362744057,Closed,The Department of Environmental Protection investigated this complaint and found there was no sewer back up in the city system at the time of the inspection.
59565713,2023-11-27T12:40:13.000,2024-01-16T15:25:34.000,DPR,Root/Sewer/Sidewalk Condition,Trees and Sidewalks Program,11358,QUEENS,40.75115116909579,-73.78853552359499,Closed,"NYC Parks inspected the requested repair site. This site meets the criteria for repair under the Trees & Sidewalks Program. The timeframe for repair work depends on available funding for the program, the severity of damage, and the other sidewalk requests in the surrounding district."
59573288,2023-11-28T14:52:30.000,2024-03-20T15:02:07.000,DPR,Root/Sewer/Sidewalk Condition,Trees and Sidewalks Program,11417,QUEENS,40.67646117936212,-73.85882473017767,Closed,"NYC Parks inspected and determined this site does not rate high enough to be repaired by NYC Parks at this time.   We understand conditions may become worse over time. In three years, you may submit a service request via 311, the Parks website, or NYC Tree Map for a new inspection.   You can repair the sidewalk yourself by hiring an independent contractor. The contractor must complete a Tree Work Permit application on the NYC Parks website."
59569006,2023-11-28T23:44:00.000,2023-11-29T05:00:00.000,DEP,Sewer,Sewer Backup (Use Comments) (SA),11691,QUEENS,40.60449688973312,-73.76423385986092,Closed,The Department of Environmental Protection investigated this complaint and found there was no sewer back up in the city system at the time of the inspection.
59558941,2023-11-27T07:59:00.000,2023-11-27T10:20:00.000,DEP,Sewer,Sewer Backup (Use Comments) (SA),11691,QUEENS,40.59322323259207,-73.78049120476594,Closed,The Department of Environmental Protection investigated this complaint and found there was no sewer back up in the city system at the time of the inspection.
59569001,2023-11-28T08:32:00.000,2023-11-28T11:15:00.000,DEP,Sewer,Catch Basin Clogged/Flooding (Use Comments) (SC),11357,QUEENS,40.775806769539095,-73.80377325479179,Closed,"The Department of Environment Protection inspected your complaint but could not find the problem you reported. If the condition persists, please call 311 (or 212-639-9675 if calling from a non-New York City area code) with more detailed information to submit a new complaint."
59560203,2023-11-27T11:53:00.000,2023-11-27T14:30:00.000,DEP,Sewer,Street Flooding (SJ),11101,QUEENS,40.746221675916225,-73.94553005137858,Closed,"The Department of Environment Protection inspected your complaint but could not find the problem you reported. If the condition persists, please call 311 (or 212-639-9675 if calling from a non-New York City area code) with more detailed information to submit a new complaint."
59569008,2023-11-28T20:11:00.000,2023-11-28T21:55:00.000,DEP,Sewer,Sewer Backup (Use Comments) (SA),11433,QUEENS,40.69083215171379,-73.79612626788771,Closed,The Department of Environmental Protection investigated this complaint and found there was no sewer back up in the city system at the time of the inspection.
59560199,2023-11-27T17:17:00.000,2023-11-27T20:45:00.000,DEP,Sewer,Sewer Backup (Use Comments) (SA),11426,QUEENS,40.731783372330334,-73.71220806053418,Closed,The Department of Environmental Protection has investigated this complaint. Surcharge conditions have been confirmed and is attributed to a defective sewer.
59560830,2023-11-27T15:14:00.000,2023-11-27T17:15:00.000,DEP,Sewer,Manhole Overflow (Use Comments) (SA1),11434,QUEENS,40.66383448516872,-73.76856581309208,Closed,The Department of Environmental Protection investigated this complaint and found there was no sewer back up in the city system at the time of the inspection.
59569007,2023-11-28T20:53:00.000,2023-11-28T21:35:00.000,DEP,Sewer,Sewer Backup (Use Comments) (SA),11420,QUEENS,40.66719755744914,-73.81609277713714,Closed,"The Department of Environmental Protection has investigated this complaint. Upon investigation, there was no indication of a city sewer issue and there is a suspected sewer backup due to an internal plumbing issue."
59563954,2023-11-28T11:08:00.000,2023-11-28T12:55:00.000,DEP,Sewer,Sewer Backup (Use Comments) (SA),11361,QUEENS,40.76048706637252,-73.7774059388141,Closed,"The Department of Environmental Protection has investigated this complaint. Upon investigation, there was no indication of a city sewer issue and there is a suspected sewer backup due to an internal plumbing issue."
59573287,2023-11-28T10:45:07.000,2024-02-05T14:53:50.000,DPR,Root/Sewer/Sidewalk Condition,Trees and Sidewalks Program,11413,QUEENS,40.67108087192994,-73.74034312143067,Closed,"NYC Parks inspected and determined this site does not rate high enough to be repaired by NYC Parks at this time.   We understand conditions may become worse over time. In three years, you may submit a service request via 311, the Parks website, or NYC Tree Map for a new inspection.   You can repair the sidewalk yourself by hiring an independent contractor. The contractor must complete a Tree Work Permit application on the NYC Parks website."
59571509,2023-11-28T15:44:00.000,2023-11-30T11:15:00.000,DEP,Sewer,Street Flooding (SJ),11368,QUEENS,40.749983146186885,-73.86165730973056,Closed,"The Department of Environment Protection inspected your complaint but could not find the problem you reported. If the condition persists, please call 311 (or 212-639-9675 if calling from a non-New York City area code) with more detailed information to submit a new complaint."
59559572,2023-11-27T09:20:00.000,2023-11-27T10:45:00.000,DEP,Sewer,Street Flooding (SJ),11378,QUEENS,40.73204118022564,-73.89912952581331,Closed,"The Department of Environment Protection inspected your complaint but could not find the problem you reported. If the condition persists, please call 311 (or 212-639-9675 if calling from a non-New York City area code) with more detailed information to submit a new complaint."
59560825,2023-11-27T14:56:00.000,2023-11-29T08:10:00.000,DEP,Sewer,Catch Basin Clogged/Flooding (Use Comments) (SC),11693,QUEENS,40.58497044149723,-73.81530394369655,Closed,"The Department of Environmental Protection inspected your complaint and cleaned the catch basin or inlet. If the condition returns, please call 311 (or 212-639-9675 if calling from a non-New York City area code) to submit a new complaint."
59571510,2023-11-28T10:47:00.000,2023-11-29T19:22:00.000,DEP,Sewer,Street Flooding (SJ),11422,QUEENS,40.67824151120116,-73.73411053453624,Closed,The Department of Environmental Protection determined that this complaint is a duplicate of a previously filed complaint. The original complaint is being addressed.
59577224,2023-11-27T09:18:10.000,2023-11-28T08:41:25.000,DPR,Root/Sewer/Sidewalk Condition,Affecting Sewer or Foundation,11426,QUEENS,40.72883252184753,-73.72217536253159,Closed,"The Service Request submitted did not have sufficient location or complaint information for NYC Parks to respond.  Please submit a new Service Request with adequate site details, including a full street address and descriptive location information."
59570702,2023-11-28T19:05:55.000,2024-02-14T21:55:09.000,DPR,Root/Sewer/Sidewalk Condition,Trees and Sidewalks Program,11385,QUEENS,40.70491976846816,-73.86403388380859,Closed,"NYC Parks inspected and determined this site does not rate high enough to be repaired by NYC Parks at this time.   We understand conditions may become worse over time. In three years, you may submit a service request via 311, the Parks website, or NYC Tree Map for a new inspection.   You can repair the sidewalk yourself by hiring an independent contractor. The contractor must complete a Tree Work Permit application on the NYC Parks website."
59581691,2023-11-29T11:35:00.000,2023-11-29T13:35:00.000,DEP,Sewer,Sewer Backup (Use Comments) (SA),11434,QUEENS,40.66383448516872,-73.76856581309208,Closed,The Department of Environmental Protection investigated this complaint and found there was no sewer back up in the city system at the time of the inspection.
59576581,2023-11-28T20:38:00.000,2023-11-29T03:25:00.000,DEP,Sewer,Manhole Overflow (Use Comments) (SA1),11421,QUEENS,,,Closed,"The Department of Environment Protection inspected your complaint but could not find the problem you reported. If the condition persists, please call 311 (or 212-639-9675 if calling from a non-New York City area code) with more detailed information to submit a new complaint."
59569009,2023-11-28T12:59:00.000,2023-11-28T14:35:00.000,DEP,Sewer,Sewer Backup (Use Comments) (SA),11378,QUEENS,40.724223536649845,-73.89541092912876,Closed,The Department of Environmental Protection investigated this complaint and found there was no sewer back up in the city system at the time of the inspection.
59569002,2023-11-28T07:50:00.000,2023-11-28T11:15:00.000,DEP,Sewer,Catch Basin Clogged/Flooding (Use Comments) (SC),11432,QUEENS,40.71929029529797,-73.80262652053008,Closed,The Department of Environmental Protection has investigated this complaint and found that debris was obstructing the catch basin.
59576582,2023-11-28T13:50:00.000,2023-11-28T18:00:00.000,DEP,Sewer,Manhole Overflow (Use Comments) (SA1),11434,QUEENS,40.66383448516872,-73.76856581309208,Closed,The Department of Environmental Protection has investigated this complaint. Surcharge conditions have been confirmed and attributed to grease. Work was performed to relieve the blockage.
59581655,2023-11-29T12:05:00.000,2023-11-29T14:20:00.000,DEP,Sewer,Sewer Backup (Use Comments) (SA),11691,QUEENS,40.604543137218464,-73.76403202326037,Closed,The Department of Environmental Protection has investigated this complaint. Surcharge conditions have been confirmed and attributed to grease. Work was performed to relieve the blockage.
45407943,2020-01-17T14:25:00.000,2020-01-22T15:09:00.000,DEP,Sewer,DAMAGE STRUCTURE/RAILING (SRGDM),11385,QUEENS,40.7127930542035,-73.90335015877676,Closed,
59575810,2023-11-27T00:40:48.000,2024-02-14T13:38:45.000,DPR,Root/Sewer/Sidewalk Condition,Trees and Sidewalks Program,11420,QUEENS,40.66799847896526,-73.81746757550793,Closed,"NYC Parks inspected the requested repair site. This site meets the criteria for repair under the Trees & Sidewalks Program. The timeframe for repair work depends on available funding for the program, the severity of damage, and the other sidewalk requests in the surrounding district."
59579094,2023-11-28T14:35:00.000,2023-11-29T12:15:00.000,DEP,Sewer,Catch Basin Clogged/Flooding (Use Comments) (SC),11420,QUEENS,40.6767457888936,-73.8104855932023,Closed,"The Department of Environment Protection inspected your complaint but could not find the problem you reported. If the condition persists, please call 311 (or 212-639-9675 if calling from a non-New York City area code) with more detailed information to submit a new complaint."
65226935,2025-06-10T14:32:04.000,2026-05-06T13:48:53.000,DPR,Root/Sewer/Sidewalk Condition,Trees and Sidewalks Program,11385,QUEENS,40.70320866905697,-73.86542592620918,Closed,NYC Parks inspected and determined that the site is ineligible for the Trees and Sidewalks Program because of one or more of the following reasons:  - The property adjacent to the sidewalk is not in Tax Class 1 - The property adjacent to the sidewalk is not owner-occupied - The property adjacent to the sidewalk contains a place of business  You can repair the sidewalk yourself by hiring an independent contractor. The contractor must complete a Tree Work Permit application on the NYC Parks website.
59583223,2023-11-29T15:35:00.000,2023-11-29T20:00:00.000,DEP,Sewer,Sewer Backup (Use Comments) (SA),11691,QUEENS,40.60449688973312,-73.76423385986092,Closed,The Department of Environmental Protection has investigated this complaint. Surcharge conditions have been confirmed and attributed to grease. Work was performed to relieve the blockage.
59578334,2023-11-28T13:59:33.000,2024-02-15T14:43:57.000,DPR,Root/Sewer/Sidewalk Condition,Trees and Sidewalks Program,11417,QUEENS,40.67434089004302,-73.84500377625028,Closed,"NYC Parks inspected the requested repair site. This site meets the criteria for repair under the Trees & Sidewalks Program. The timeframe for repair work depends on available funding for the program, the severity of damage, and the other sidewalk requests in the surrounding district."
59575811,2023-11-27T09:42:12.000,2024-01-11T11:40:05.000,DPR,Root/Sewer/Sidewalk Condition,Trees and Sidewalks Program,11361,QUEENS,40.76910581903871,-73.78475278173501,Closed,"NYC Parks inspected and determined this site does not rate high enough to be repaired by NYC Parks at this time.   We understand conditions may become worse over time. In three years, you may submit a service request via 311, the Parks website, or NYC Tree Map for a new inspection.   You can repair the sidewalk yourself by hiring an independent contractor. The contractor must complete a Tree Work Permit application on the NYC Parks website."
59589490,2023-11-29T15:29:00.000,2023-11-30T02:15:00.000,DEP,Sewer,Street Flooding (SJ),11378,QUEENS,40.73204118022564,-73.89912952581331,Closed,"The Department of Environmental Protection has determined that this issue was previously reported by another customer The original complaint is being addressed. If the condition persists, please call 311 (or 212-639-9675 if calling from a non-New York City area code) with more detailed information to submit a new complaint."
59587909,2023-11-29T20:02:00.000,2023-11-29T20:07:00.000,DEP,Sewer,Sewer Backup (Use Comments) (SA),11691,QUEENS,40.60449688973312,-73.76423385986092,Closed,"The Department of Environmental Protection has determined that this issue was previously reported by another customer The original complaint is being addressed. If the condition persists, please call 311 (or 212-639-9675 if calling from a non-New York City area code) to submit a new complaint."
59590620,2023-11-29T17:37:29.000,2024-03-20T10:06:10.000,DPR,Root/Sewer/Sidewalk Condition,Trees and Sidewalks Program,11358,QUEENS,40.7580207046961,-73.80051925563941,Closed,"NYC Parks inspected the requested repair site. This site meets the criteria for repair under the Trees & Sidewalks Program. However due to a high number of requests, they are only able to repair the very highest sites at this time, and your site has been waitlisted."
59581688,2023-11-29T11:47:00.000,2023-12-07T12:00:00.000,DEP,Sewer,Catch Basin Clogged/Flooding (Use Comments) (SC),11420,QUEENS,40.66902567940832,-73.82315671959279,Closed,"The Department of Environment Protection inspected your complaint but could not find the problem you reported. If the condition persists, please call 311 (or 212-639-9675 if calling from a non-New York City area code) with more detailed information to submit a new complaint."
59591036,2023-11-29T15:47:00.000,2023-11-30T02:51:00.000,DEP,Sewer,Catch Basin Sunken/Damaged/Raised (SC1),11101,QUEENS,40.74667013746058,-73.94783582236839,Closed,The Department of Environmental Protection determined that this complaint is a duplicate of a previously filed complaint. The original complaint is being addressed.
59586364,2023-11-29T16:26:00.000,2023-11-29T21:50:00.000,DEP,Sewer,Street Flooding (SJ),11101,QUEENS,40.734034488705596,-73.93907755778837,Closed,"The Department of Environmental Protection has determined that this issue was previously reported by another customer The original complaint is being addressed. If the condition persists, please call 311 (or 212-639-9675 if calling from a non-New York City area code) to submit a new complaint."
59584769,2023-11-29T18:41:00.000,2023-11-29T20:35:00.000,DEP,Sewer,Sewer Odor (SA2),11412,QUEENS,40.70062931273779,-73.76100869209887,Closed,"The Department of Environment Protection inspected your complaint but could not find the problem you reported. If the condition persists, please call 311 (or 212-639-9675 if calling from a non-New York City area code) with more detailed information to submit a new complaint."
59580889,2023-11-28T16:08:29.000,2024-02-20T14:02:30.000,DPR,Root/Sewer/Sidewalk Condition,Trees and Sidewalks Program,11416,QUEENS,40.68072339986934,-73.85848400903495,Closed,"NYC Parks inspected and determined this site does not rate high enough to be repaired by NYC Parks at this time.   We understand conditions may become worse over time. In three years, you may submit a service request via 311, the Parks website, or NYC Tree Map for a new inspection.   You can repair the sidewalk yourself by hiring an independent contractor. The contractor must complete a Tree Work Permit application on the NYC Parks website."
59587908,2023-11-29T12:26:00.000,2023-11-29T14:00:00.000,DEP,Sewer,Manhole Cover Missing (Emergency) (SA3),11427,QUEENS,40.72329114414451,-73.75624459645748,Closed,The Department of Environmental Protection investigated this complaint and resolved the issue with the sewer manhole cover.
65897612,2025-08-19T12:33:00.000,2026-05-06T14:46:09.000,DPR,Root/Sewer/Sidewalk Condition,Trees and Sidewalks Program,11379,QUEENS,40.709593732776035,-73.8733303458771,Closed,"NYC Parks inspected and determined this site does not rate high enough to be repaired by NYC Parks at this time.   We understand conditions may become worse over time. In three years, you may submit a service request via 311, the Parks website, or NYC Tree Map for a new inspection.   You can repair the sidewalk yourself by hiring an independent contractor. The contractor must complete a Tree Work Permit application on the NYC Parks website."
59587912,2023-11-29T15:56:00.000,2023-11-29T18:30:00.000,DEP,Sewer,Sewer Backup (Use Comments) (SA),11105,QUEENS,40.77412369894567,-73.89917409626074,Closed,The Department of Environmental Protection investigated this complaint and found there was no sewer back up in the city system at the time of the inspection.
59584767,2023-11-29T18:17:00.000,2023-11-29T21:10:00.000,DEP,Sewer,Sewer Backup (Use Comments) (SA),11367,QUEENS,40.720732814172834,-73.81341252805008,Closed,The Department of Environmental Protection investigated this complaint and found there was no sewer back up in the city system at the time of the inspection.
59587913,2023-11-29T14:02:00.000,2023-11-29T18:05:00.000,DEP,Sewer,Sewer Odor (SA2),11105,QUEENS,40.76946886264838,-73.90595390901451,Closed,"The Department of Environment Protection inspected your complaint but could not find the problem you reported. If the condition persists, please call 311 (or 212-639-9675 if calling from a non-New York City area code) with more detailed information to submit a new complaint."
59589489,2023-11-29T18:59:00.000,2023-11-30T01:15:00.000,DEP,Sewer,Street Flooding (SJ),11418,QUEENS,40.69565970085124,-73.84510567663392,Closed,NYC DEP investigated and determined the sewer or catchbasin was overtaxed due to heavy rain and no further action is required.
59575814,2023-11-28T12:48:09.000,2024-02-28T08:34:04.000,DPR,Root/Sewer/Sidewalk Condition,Trees and Sidewalks Program,11374,QUEENS,40.724836235370674,-73.85760022704979,Closed,NYC Parks inspected and determined that the site is ineligible for the Trees and Sidewalks Program because of one or more of the following reasons:  - The property adjacent to the sidewalk is not in Tax Class 1 - The property adjacent to the sidewalk is not owner-occupied - The property adjacent to the sidewalk contains a place of business  You can repair the sidewalk yourself by hiring an independent contractor. The contractor must complete a Tree Work Permit application on the NYC Parks website.
59591037,2023-11-29T14:14:00.000,2023-11-29T15:20:00.000,DEP,Sewer,Manhole Cover Missing (Emergency) (SA3),11435,QUEENS,40.70253028169312,-73.81388905325419,Closed,The Department of Environmental Protection (DEP) investigated this request and completed a search of the catch basin.
59579095,2023-11-28T13:44:00.000,2023-11-29T10:05:00.000,DEP,Sewer,Catch Basin Clogged/Flooding (Use Comments) (SC),11385,QUEENS,40.70199496136991,-73.85813590298378,Closed,"The Department of Environmental Protection inspected your complaint and cleaned the catch basin or inlet. If the condition returns, please call 311 (or 212-639-9675 if calling from a non-New York City area code) to submit a new complaint."
59596917,2023-11-30T11:47:00.000,2023-11-30T13:10:00.000,DEP,Sewer,Sewer Backup (Use Comments) (SA),11420,QUEENS,40.66719755744914,-73.81609277713714,Closed,"The Department of Environmental Protection has investigated this complaint. Upon investigation, there was no indication of a city sewer issue and there is a suspected sewer backup due to an internal plumbing issue."
59586362,2023-11-29T20:56:00.000,2023-11-29T21:40:00.000,DEP,Sewer,Sewer Backup (Use Comments) (SA),11691,QUEENS,40.60313592172519,-73.75526079135183,Closed,The Department of Environmental Protection investigated this complaint and found there was no sewer back up in the city system at the time of the inspection.
59598297,2023-11-30T12:32:00.000,2023-11-30T13:20:00.000,DEP,Sewer,Sewer Backup (Use Comments) (SA),11434,QUEENS,40.68342513840058,-73.77606951428207,Closed,"The Department of Environmental Protection has investigated this complaint. Upon investigation, there was no indication of a city sewer issue and there is a suspected sewer backup due to an internal plumbing issue."
59593689,2023-11-29T09:11:52.000,2023-11-30T08:49:50.000,DPR,Root/Sewer/Sidewalk Condition,Affecting Sewer or Foundation,11416,QUEENS,40.68072339986934,-73.85848400903495,Closed,"The Service Request submitted did not have sufficient location or complaint information for NYC Parks to respond.  Please submit a new Service Request with adequate site details, including a full street address and descriptive location information."
59599717,2023-11-30T12:14:00.000,2023-11-30T13:30:00.000,DEP,Sewer,Catch Basin Sunken/Damaged/Raised (SC1),11369,QUEENS,40.765878254782635,-73.87385144206246,Closed,"The Department of Environment Protection inspected your complaint but could not find the problem you reported. If the condition persists, please call 311 (or 212-639-9675 if calling from a non-New York City area code) with more detailed information to submit a new complaint."
59591032,2023-11-29T11:26:00.000,2023-12-07T11:35:00.000,DEP,Sewer,Catch Basin Clogged/Flooding (Use Comments) (SC),11416,QUEENS,40.68255598527102,-73.85773377875617,Closed,"The Department of Environmental Protection inspected your complaint and cleaned the catch basin or inlet. If the condition returns, please call 311 (or 212-639-9675 if calling from a non-New York City area code) to submit a new complaint."
59596818,2023-11-30T00:35:00.000,2023-12-11T09:26:00.000,DEP,Sewer,RAIN GARDEN DEBRIS (GIRGD),11370,QUEENS,40.762857713287765,-73.88573720888701,Closed,The Department of Environmental Protection investigated this complaint and referred it to a contractor for further action.
59599716,2023-11-30T15:38:00.000,2024-01-03T08:00:00.000,DEP,Sewer,Catch Basin Sunken/Damaged/Raised (SC1),11428,QUEENS,40.717310075837794,-73.73984196214286,Closed,The Department of Environmental Protection investigated this complaint and replaced the damaged or missing catch basin.
59600714,2023-11-30T16:16:15.000,2024-02-12T20:03:17.000,DPR,Root/Sewer/Sidewalk Condition,Trees and Sidewalks Program,11375,QUEENS,40.7105066945005,-73.8455040190973,Closed,"NYC Parks inspected the requested repair site. This site meets the criteria for repair under the Trees & Sidewalks Program. The timeframe for repair work depends on available funding for the program, the severity of damage, and the other sidewalk requests in the surrounding district."
59592546,2023-11-29T08:59:00.000,2023-11-29T10:30:00.000,DEP,Sewer,Sewer Backup (Use Comments) (SA),11372,QUEENS,40.747258240861704,-73.88743854642398,Closed,The Department of Environmental Protection investigated this complaint and found there was no sewer back up in the city system at the time of the inspection.
59584768,2023-11-29T10:29:00.000,2023-11-29T13:15:00.000,DEP,Sewer,Sewer Backup (Use Comments) (SA),11435,QUEENS,40.70636452996067,-73.81207855296978,Closed,The Department of Environmental Protection has investigated this complaint. Surcharge conditions have been confirmed and attributed to grease. Work was performed to relieve the blockage.
59587492,2023-11-29T15:52:33.000,2024-01-26T14:55:54.000,DPR,Root/Sewer/Sidewalk Condition,Trees and Sidewalks Program,11434,QUEENS,40.6870543944989,-73.776407085391,Closed,"NYC Parks inspected and determined this site does not rate high enough to be repaired by NYC Parks at this time.   We understand conditions may become worse over time. In three years, you may submit a service request via 311, the Parks website, or NYC Tree Map for a new inspection.   You can repair the sidewalk yourself by hiring an independent contractor. The contractor must complete a Tree Work Permit application on the NYC Parks website."
59599720,2023-11-30T12:02:00.000,2023-11-30T13:45:00.000,DEP,Sewer,Sewer Backup (Use Comments) (SA),11378,QUEENS,40.71989504848686,-73.89243068590946,Closed,"The Department of Environmental Protection has investigated this complaint. Upon investigation, there was no indication of a city sewer issue and there is a suspected sewer backup due to an internal plumbing issue."
59599719,2023-11-30T13:14:00.000,2023-11-30T17:00:00.000,DEP,Sewer,Sewer Backup (Use Comments) (SA),11411,QUEENS,40.69843498580902,-73.74383936185413,Closed,"The Department of Environmental Protection has investigated this complaint. Upon investigation, there was no indication of a city sewer issue and there is a suspected sewer backup due to an internal plumbing issue."
59585929,2023-11-29T13:02:13.000,2024-02-05T21:40:17.000,DPR,Root/Sewer/Sidewalk Condition,Trees and Sidewalks Program,11106,QUEENS,40.75675700926207,-73.92741966375391,Closed,"NYC Parks inspected and determined this site does not rate high enough to be repaired by NYC Parks at this time.   We understand conditions may become worse over time. In three years, you may submit a service request via 311, the Parks website, or NYC Tree Map for a new inspection.   You can repair the sidewalk yourself by hiring an independent contractor. The contractor must complete a Tree Work Permit application on the NYC Parks website."
59596492,2023-11-30T19:44:43.000,2024-01-11T21:05:08.000,DPR,Root/Sewer/Sidewalk Condition,Trees and Sidewalks Program,11426,QUEENS,40.72950169246742,-73.73002011680309,Closed,"NYC Parks inspected and determined this site does not rate high enough to be repaired by NYC Parks at this time.   We understand conditions may become worse over time. In three years, you may submit a service request via 311, the Parks website, or NYC Tree Map for a new inspection.   You can repair the sidewalk yourself by hiring an independent contractor. The contractor must complete a Tree Work Permit application on the NYC Parks website."
59598188,2023-11-30T21:29:00.000,2023-12-11T09:23:00.000,DEP,Sewer,RAIN GARDEN DEBRIS (GIRGD),11369,QUEENS,40.76166568513542,-73.8822088751602,Closed,The Department of Environmental Protection investigated this complaint and referred it to a contractor for further action.
59598294,2023-11-30T15:35:00.000,2023-12-08T07:50:00.000,DEP,Sewer,Catch Basin Clogged/Flooding (Use Comments) (SC),11692,QUEENS,40.596932651425156,-73.79758326416876,Closed,"The Department of Environment Protection inspected your complaint but could not find the problem you reported. If the condition persists, please call 311 (or 212-639-9675 if calling from a non-New York City area code) with more detailed information to submit a new complaint."
59591033,2023-11-29T11:08:00.000,2023-11-29T12:20:00.000,DEP,Sewer,Catch Basin Clogged/Flooding (Use Comments) (SC),11385,QUEENS,40.699718126701804,-73.8922648874089,Closed,"The Department of Environment Protection inspected your complaint but could not find the problem you reported. If the condition persists, please call 311 (or 212-639-9675 if calling from a non-New York City area code) with more detailed information to submit a new complaint."
59647995,2023-12-05T15:23:00.000,2023-12-05T17:10:00.000,DEP,Sewer,Sewer Backup (Use Comments) (SA),11417,QUEENS,40.68205892582897,-73.8368590681617,Closed,The Department of Environmental Protection has investigated this complaint. Surcharge conditions have been confirmed and attributed to grease. Work was performed to relieve the blockage.
59597886,2023-11-30T14:09:44.000,2024-02-13T16:43:15.000,DPR,Root/Sewer/Sidewalk Condition,Trees and Sidewalks Program,11373,QUEENS,40.74750811718732,-73.87178216397118,Closed,"NYC Parks inspected the requested repair site. This site meets the criteria for repair under the Trees & Sidewalks Program. The timeframe for repair work depends on available funding for the program, the severity of damage, and the other sidewalk requests in the surrounding district."
59602501,2023-11-30T19:05:00.000,2023-12-01T02:00:00.000,DEP,Sewer,Sewer Backup (Use Comments) (SA),11436,QUEENS,40.67784102215959,-73.7945327979214,Closed,The Department of Environmental Protection has investigated this complaint. Surcharge conditions have been confirmed and attributed to grease. Work was performed to relieve the blockage.
59605251,2023-12-01T09:29:00.000,2023-12-01T10:55:00.000,DEP,Sewer,Street Flooding (SJ),11365,QUEENS,40.73274544010807,-73.78887537648704,Closed,"The Department of Environment Protection inspected your complaint but could not find the problem you reported. If the condition persists, please call 311 (or 212-639-9675 if calling from a non-New York City area code) with more detailed information to submit a new complaint."
59596918,2023-11-30T02:05:00.000,2023-11-30T05:00:00.000,DEP,Sewer,Sewer Backup (Use Comments) (SA),11420,QUEENS,40.66632759654866,-73.8231818961091,Closed,The Department of Environmental Protection investigated this complaint and found there was no sewer back up in the city system at the time of the inspection.
59602504,2023-11-30T13:23:00.000,2023-11-30T13:33:00.000,DEP,Sewer,Street Flooding (SJ),11421,QUEENS,,,Closed,"The Department of Environmental Protection has determined that this issue was previously reported by another customer The original complaint is being addressed. If the condition persists, please call 311 (or 212-639-9675 if calling from a non-New York City area code) to submit a new complaint."
59594080,2023-11-30T15:08:00.000,2023-12-01T10:20:00.000,DEP,Sewer,Street Flooding (SJ),11365,QUEENS,40.7326767619058,-73.78884312000714,Closed,"The Department of Environment Protection inspected your complaint but could not find the problem you reported. If the condition persists, please call 311 (or 212-639-9675 if calling from a non-New York City area code) with more detailed information to submit a new complaint."
59601110,2023-11-30T21:14:00.000,2023-12-01T02:20:00.000,DEP,Sewer,Sewer Backup (Use Comments) (SA),11413,QUEENS,40.672214881974604,-73.7555660766138,Closed,The Department of Environmental Protection investigated this complaint and found there was no sewer back up in the city system at the time of the inspection.
59603476,2023-11-30T13:39:42.000,2024-01-08T14:46:37.000,DPR,Root/Sewer/Sidewalk Condition,Trees and Sidewalks Program,11413,QUEENS,40.65779235448669,-73.7498053728575,Closed,"NYC Parks inspected the requested repair site. This site meets the criteria for repair under the Trees & Sidewalks Program. The timeframe for repair work depends on available funding for the program, the severity of damage, and the other sidewalk requests in the surrounding district."
59606596,2023-12-01T22:53:00.000,2023-12-02T09:30:00.000,DEP,Sewer,Culvert Blocked/Needs Cleaning (SE),11434,QUEENS,40.68576835215667,-73.77847746028115,Closed,"The Department of Environment Protection inspected your complaint but could not find the problem you reported. If the condition persists, please call 311 (or 212-639-9675 if calling from a non-New York City area code) with more detailed information to submit a new complaint."
59606600,2023-12-01T10:50:00.000,2023-12-01T12:30:00.000,DEP,Sewer,Sewer Backup (Use Comments) (SA),11428,QUEENS,40.72744335093085,-73.73724075563112,Closed,"The Department of Environmental Protection has investigated this complaint. Upon investigation, there was no indication of a city sewer issue and there is a suspected sewer backup due to an internal plumbing issue."
59603867,2023-11-30T12:32:00.000,2023-11-30T14:00:00.000,DEP,Sewer,Catch Basin Sunken/Damaged/Raised (SC1),11372,QUEENS,40.75071818671566,-73.89490013610326,Closed,"The Department of Environment Protection inspected your complaint but could not find the problem you reported. If the condition persists, please call 311 (or 212-639-9675 if calling from a non-New York City area code) with more detailed information to submit a new complaint."
59596921,2023-11-30T16:02:00.000,2023-11-30T19:20:00.000,DEP,Sewer,Sewer Backup (Use Comments) (SA),11691,QUEENS,40.593037524618836,-73.76035317029663,Closed,The Department of Environmental Protection investigated this complaint and found there was no sewer back up in the city system at the time of the inspection.
59603872,2023-11-30T11:29:00.000,2023-11-30T12:30:00.000,DEP,Sewer,Sewer Backup (Use Comments) (SA),11422,QUEENS,40.655657303247125,-73.72820697526046,Closed,"The Department of Environmental Protection has investigated this complaint. Upon investigation, there was no indication of a city sewer issue and there is a suspected sewer backup due to an internal plumbing issue."
59599715,2023-11-30T13:50:00.000,2024-04-11T10:55:00.000,DEP,Sewer,Catch Basin Grating Missing (SA4),11378,QUEENS,40.72184343829103,-73.90443375528439,Closed,The Department of Environmental Protection has investigated this complaint and has performed repair work.
59603873,2023-11-30T08:53:00.000,2023-11-30T22:36:00.000,DEP,Sewer,Street Flooding (SJ),11421,QUEENS,40.68860248317986,-73.85103564962743,Closed,The Department of Environmental Protection determined that this complaint is a duplicate of a previously filed complaint. The original complaint is being addressed.
59599721,2023-11-30T08:23:00.000,2023-11-30T09:45:00.000,DEP,Sewer,Sewer Odor (SA2),11412,QUEENS,40.691018123022154,-73.75368333660474,Closed,"The Department of Environmental Protection has investigated this complaint. Upon investigation, there was no indication of a city sewer issue and there is a suspected sewer backup due to an internal plumbing issue."
59595488,2023-11-30T13:08:00.000,2023-11-30T17:35:00.000,DEP,Sewer,Sewer Backup (Use Comments) (SA),11428,QUEENS,40.72744335093085,-73.73724075563112,Closed,The Department of Environmental Protection investigated this complaint and found there was no sewer back up in the city system at the time of the inspection.
59598296,2023-11-30T12:47:00.000,2023-11-30T12:52:00.000,DEP,Sewer,Sewer Backup (Use Comments) (SA),11434,QUEENS,40.68342513840058,-73.77606951428207,Closed,"The Department of Environmental Protection has determined that this issue was previously reported by another customer The original complaint is being addressed. If the condition persists, please call 311 (or 212-639-9675 if calling from a non-New York City area code) to submit a new complaint."
59607479,2023-12-01T12:33:40.000,2024-04-05T14:26:38.000,DPR,Root/Sewer/Sidewalk Condition,Trees and Sidewalks Program,11422,QUEENS,40.65804145660126,-73.74204459854134,Closed,"NYC Parks inspected and determined this site does not rate high enough to be repaired by NYC Parks at this time.   We understand conditions may become worse over time. In three years, you may submit a service request via 311, the Parks website, or NYC Tree Map for a new inspection.   You can repair the sidewalk yourself by hiring an independent contractor. The contractor must complete a Tree Work Permit application on the NYC Parks website."
59606598,2023-12-01T14:26:00.000,2023-12-02T19:35:00.000,DEP,Sewer,Sewer Backup (Use Comments) (SA),11373,QUEENS,40.747326470048094,-73.876351530028,Closed,The Department of Environmental Protection investigated this complaint and found there was no sewer back up in the city system at the time of the inspection.
59602498,2023-11-30T11:35:00.000,2023-11-30T12:25:00.000,DEP,Sewer,Catch Basin Grating Missing (SA4),11369,QUEENS,40.77035179533838,-73.87601995828936,Closed,"The Department of Environment Protection inspected your complaint but could not find the problem you reported. If the condition persists, please call 311 (or 212-639-9675 if calling from a non-New York City area code) with more detailed information to submit a new complaint."
59603838,2023-11-30T09:02:00.000,2023-12-07T13:35:00.000,DEP,Sewer,Defective/Missing Curb Piece (SC4),11414,QUEENS,40.66513228244501,-73.83910286127497,Closed,The Department of Environmental Protection investigated this complaint and resolved the issue.
59609285,2023-12-01T15:29:00.000,2023-12-01T18:00:00.000,DEP,Sewer,Sewer Backup (Use Comments) (SA),11435,QUEENS,40.693520032908324,-73.80772251330671,Closed,The Department of Environmental Protection has investigated this complaint. Surcharge conditions have been confirmed and attributed to grease. Work was performed to relieve the blockage.
59609289,2023-12-01T09:14:00.000,2023-12-01T10:10:00.000,DEP,Sewer,Street Flooding (SJ),11361,QUEENS,,,Closed,"The Department of Environment Protection inspected your complaint but could not find the problem you reported. If the condition persists, please call 311 (or 212-639-9675 if calling from a non-New York City area code) with more detailed information to submit a new complaint."
59604847,2023-11-30T09:34:20.000,2024-02-02T15:11:56.000,DPR,Root/Sewer/Sidewalk Condition,Trees and Sidewalks Program,11426,QUEENS,40.729056424666574,-73.71275021993804,Closed,"NYC Parks inspected and determined this site does not rate high enough to be repaired by NYC Parks at this time.   We understand conditions may become worse over time. In three years, you may submit a service request via 311, the Parks website, or NYC Tree Map for a new inspection.   You can repair the sidewalk yourself by hiring an independent contractor. The contractor must complete a Tree Work Permit application on the NYC Parks website."
59610531,2023-12-01T14:38:00.000,2023-12-01T17:00:00.000,DEP,Sewer,Sewer Backup (Use Comments) (SA),11418,QUEENS,40.6956851207965,-73.84563933876326,Closed,The Department of Environmental Protection investigated this complaint and found there was no sewer back up in the city system at the time of the inspection.
59602505,2023-11-30T00:50:00.000,2023-11-30T12:00:00.000,DEP,Sewer,Street Flooding (SJ),11377,QUEENS,40.76235438712948,-73.89323930154362,Closed,"The Department of Environment Protection inspected your complaint but could not find the problem you reported. If the condition persists, please call 311 (or 212-639-9675 if calling from a non-New York City area code) with more detailed information to submit a new complaint."
59611404,2023-12-01T14:02:44.000,2024-01-13T00:11:47.000,DPR,Root/Sewer/Sidewalk Condition,Trees and Sidewalks Program,11361,QUEENS,40.7670886507515,-73.76654275289927,Closed,"NYC Parks inspected the requested repair site. This site meets the criteria for repair under the Trees & Sidewalks Program. The timeframe for repair work depends on available funding for the program, the severity of damage, and the other sidewalk requests in the surrounding district."
59616487,2023-12-02T12:23:30.000,2024-01-30T15:16:28.000,DPR,Root/Sewer/Sidewalk Condition,Trees and Sidewalks Program,11413,QUEENS,40.68518689360411,-73.75307027937126,Closed,NYC Parks inspected and determined that the site is ineligible for the Trees and Sidewalks Program because of one or more of the following reasons:  - The property adjacent to the sidewalk is not in Tax Class 1 - The property adjacent to the sidewalk is not owner-occupied - The property adjacent to the sidewalk contains a place of business  You can repair the sidewalk yourself by hiring an independent contractor. The contractor must complete a Tree Work Permit application on the NYC Parks website.
59605249,2023-12-01T20:17:00.000,2023-12-03T12:45:00.000,DEP,Sewer,Catch Basin Clogged/Flooding (Use Comments) (SC),11385,QUEENS,40.704627468523576,-73.87244171269093,Closed,"The Department of Environmental Protection has determined that this issue was previously reported by another customer The original complaint is being addressed. If the condition persists, please call 311 (or 212-639-9675 if calling from a non-New York City area code) to submit a new complaint."
59616783,2023-12-02T11:41:00.000,2023-12-09T13:20:00.000,DEP,Sewer,Catch Basin Clogged/Flooding (Use Comments) (SC),11004,QUEENS,40.740623653832955,-73.70760490665509,Closed,"The Department of Environmental Protection inspected your complaint and cleaned the catch basin or inlet. If the condition returns, please call 311 (or 212-639-9675 if calling from a non-New York City area code) to submit a new complaint."
59602391,2023-11-30T00:38:00.000,2023-12-11T09:25:00.000,DEP,Sewer,RAIN GARDEN DEBRIS (GIRGD),11369,QUEENS,40.76166568513542,-73.8822088751602,Closed,The Department of Environmental Protection investigated this complaint and referred it to a contractor for further action.
59616488,2023-12-03T00:45:46.000,2024-01-25T14:50:39.000,DPR,Root/Sewer/Sidewalk Condition,Trees and Sidewalks Program,11436,QUEENS,40.68124550711411,-73.8013293929933,Closed,"NYC Parks inspected the requested repair site. This site meets the criteria for repair under the Trees & Sidewalks Program. The timeframe for repair work depends on available funding for the program, the severity of damage, and the other sidewalk requests in the surrounding district."
59610134,2023-12-01T13:06:25.000,2024-01-16T08:50:04.000,DPR,Root/Sewer/Sidewalk Condition,Trees and Sidewalks Program,11362,QUEENS,40.76541478727896,-73.73741946036772,Closed,"NYC Parks inspected and determined this site does not rate high enough to be repaired by NYC Parks at this time.   We understand conditions may become worse over time. In three years, you may submit a service request via 311, the Parks website, or NYC Tree Map for a new inspection.   You can repair the sidewalk yourself by hiring an independent contractor. The contractor must complete a Tree Work Permit application on the NYC Parks website."
59615763,2023-12-02T23:59:00.000,2023-12-03T01:00:00.000,DEP,Sewer,Sewer Backup (Use Comments) (SA),11370,QUEENS,40.76051973358215,-73.88910188001636,Closed,The Department of Environmental Protection investigated this complaint and found there was no sewer back up in the city system at the time of the inspection.
59609280,2023-12-01T18:53:00.000,2023-12-03T13:20:00.000,DEP,Sewer,Catch Basin Clogged/Flooding (Use Comments) (SC),11374,QUEENS,40.73138128628585,-73.86111140791488,Closed,"The Department of Environment Protection inspected your complaint but could not find the problem you reported. If the condition persists, please call 311 (or 212-639-9675 if calling from a non-New York City area code) with more detailed information to submit a new complaint."
59615764,2023-12-02T18:29:00.000,2023-12-02T19:40:00.000,DEP,Sewer,Sewer Backup (Use Comments) (SA),11435,QUEENS,40.6956415379117,-73.81091151020256,Closed,The Department of Environmental Protection investigated this complaint and found there was no sewer back up in the city system at the time of the inspection.
59616788,2023-12-02T13:02:00.000,2023-12-02T14:20:00.000,DEP,Sewer,Sewer Backup (Use Comments) (SA),11413,QUEENS,40.672214881974604,-73.7555660766138,Closed,"The Department of Environmental Protection has investigated this complaint. Upon investigation, there was no indication of a city sewer issue and there is a suspected sewer backup due to an internal plumbing issue."
59614469,2023-12-01T09:59:00.000,2023-12-05T11:00:00.000,DEP,Sewer,Catch Basin Clogged/Flooding (Use Comments) (SC),11357,QUEENS,40.77474198858569,-73.7928979276221,Closed,"The Department of Environmental Protection inspected your complaint and cleaned the catch basin or inlet. If the condition returns, please call 311 (or 212-639-9675 if calling from a non-New York City area code) to submit a new complaint."
59610137,2023-12-01T17:01:54.000,2024-01-17T09:33:38.000,DPR,Root/Sewer/Sidewalk Condition,Trees and Sidewalks Program,11360,QUEENS,40.7762325234935,-73.77538914390963,Closed,"NYC Parks inspected and determined this site does not rate high enough to be repaired by NYC Parks at this time.   We understand conditions may become worse over time. In three years, you may submit a service request via 311, the Parks website, or NYC Tree Map for a new inspection.   You can repair the sidewalk yourself by hiring an independent contractor. The contractor must complete a Tree Work Permit application on the NYC Parks website."
59611402,2023-12-01T13:21:49.000,2024-01-30T22:28:08.000,DPR,Root/Sewer/Sidewalk Condition,Trees and Sidewalks Program,11105,QUEENS,40.77541777256768,-73.91435084075295,Closed,NYC Parks inspected and determined that the site is ineligible for the Trees and Sidewalks Program because of one or more of the following reasons:  - The property adjacent to the sidewalk is not in Tax Class 1 - The property adjacent to the sidewalk is not owner-occupied - The property adjacent to the sidewalk contains a place of business  You can repair the sidewalk yourself by hiring an independent contractor. The contractor must complete a Tree Work Permit application on the NYC Parks website.
59610527,2023-12-01T14:44:00.000,2023-12-02T08:40:00.000,DEP,Sewer,Catch Basin Clogged/Flooding (Use Comments) (SC),11357,QUEENS,40.775806769539095,-73.80377325479179,Closed,"The Department of Environmental Protection inspected your complaint and cleaned the catch basin or inlet. If the condition returns, please call 311 (or 212-639-9675 if calling from a non-New York City area code) to submit a new complaint."
59615681,2023-12-01T12:35:00.000,2023-12-11T09:22:00.000,DEP,Sewer,RAIN GARDEN DEBRIS (GIRGD),11420,QUEENS,40.67778788561808,-73.81669449309854,Closed,"NYC DEP investigated and determined the infrastructure required cleaning, which was completed at the time of the inspection."
59611858,2023-12-01T21:08:00.000,2023-12-02T01:15:00.000,DEP,Sewer,Street Flooding (SJ),11694,QUEENS,40.58356152712794,-73.82173054679785,Closed,"The Department of Environmental Protection inspected your complaint and referred it to the Department of Transportation for further action. If the problem persists, please call 311 (or 212-639-9675 if calling from a non-New York City area code) to submit a new complaint."
59616785,2023-12-02T10:14:00.000,2024-01-05T11:15:00.000,DEP,Sewer,Catch Basin Sunken/Damaged/Raised (SC1),11694,QUEENS,40.57861284548746,-73.83858050737098,Closed,"The Department of Environmental Protection inspected your complaint and repaired the problem. If the condition returns, please call 311 (or 212-639-9675 if calling from a non-New York City area code) to submit a new complaint."
59611854,2023-12-01T02:32:00.000,2023-12-01T06:05:00.000,DEP,Sewer,Manhole Overflow (Use Comments) (SA1),11356,QUEENS,40.785012113117496,-73.8532213088579,Closed,"The Department of Environmental Protection has determined that this issue was previously reported by another customer The original complaint is being addressed. If the condition persists, please call 311 (or 212-639-9675 if calling from a non-New York City area code) with more detailed information to submit a new complaint."
59612741,2023-12-01T12:18:51.000,2024-02-14T13:38:45.000,DPR,Root/Sewer/Sidewalk Condition,Trees and Sidewalks Program,11420,QUEENS,40.67582387390229,-73.81921989281777,Closed,"NYC Parks inspected the requested repair site. This site meets the criteria for repair under the Trees & Sidewalks Program. The timeframe for repair work depends on available funding for the program, the severity of damage, and the other sidewalk requests in the surrounding district."
59610530,2023-12-01T13:23:00.000,2023-12-01T14:25:00.000,DEP,Sewer,Manhole Overflow (Use Comments) (SA1),11379,QUEENS,40.71255405717266,-73.89679273641748,Closed,The Department of Environmental Protection investigated this complaint and found there was no sewer back up in the city system at the time of the inspection.
59614472,2023-12-01T12:47:00.000,2023-12-01T13:45:00.000,DEP,Sewer,Sewer Backup (Use Comments) (SA),11378,QUEENS,40.73217842418535,-73.89913653444931,Closed,The Department of Environmental Protection investigated this complaint and found there was no sewer back up in the city system at the time of the inspection.
59612738,2023-12-01T11:25:04.000,2025-02-05T15:29:58.000,DPR,Root/Sewer/Sidewalk Condition,Trees and Sidewalks Program,11385,QUEENS,40.70274500594713,-73.88320742104192,Closed,"NYC Parks inspected and determined this site does not rate high enough to be repaired by NYC Parks at this time.   We understand conditions may become worse over time. In three years, you may submit a service request via 311, the Parks website, or NYC Tree Map for a new inspection.   You can repair the sidewalk yourself by hiring an independent contractor. The contractor must complete a Tree Work Permit application on the NYC Parks website."
59612740,2023-12-01T13:24:55.000,2024-02-19T23:29:04.000,DPR,Root/Sewer/Sidewalk Condition,Trees and Sidewalks Program,11357,QUEENS,40.774853313510675,-73.80316949783168,Closed,"NYC Parks inspected and determined this site does not rate high enough to be repaired by NYC Parks at this time.   We understand conditions may become worse over time. In three years, you may submit a service request via 311, the Parks website, or NYC Tree Map for a new inspection.   You can repair the sidewalk yourself by hiring an independent contractor. The contractor must complete a Tree Work Permit application on the NYC Parks website."
59602101,2023-11-30T16:28:21.000,2024-01-13T00:11:47.000,DPR,Root/Sewer/Sidewalk Condition,Trees and Sidewalks Program,11361,QUEENS,40.76527877818848,-73.7799385829331,Closed,"NYC Parks inspected and determined this site does not rate high enough to be repaired by NYC Parks at this time.   We understand conditions may become worse over time. In three years, you may submit a service request via 311, the Parks website, or NYC Tree Map for a new inspection.   You can repair the sidewalk yourself by hiring an independent contractor. The contractor must complete a Tree Work Permit application on the NYC Parks website."
59623917,2023-12-02T19:03:06.000,2024-02-14T21:55:09.000,DPR,Root/Sewer/Sidewalk Condition,Trees and Sidewalks Program,11385,QUEENS,40.704203012080946,-73.8614204999287,Closed,"NYC Parks inspected the requested repair site. This site meets the criteria for repair under the Trees & Sidewalks Program. The timeframe for repair work depends on available funding for the program, the severity of damage, and the other sidewalk requests in the surrounding district."
59617868,2023-12-02T16:11:00.000,2023-12-03T09:35:00.000,DEP,Sewer,Catch Basin Clogged/Flooding (Use Comments) (SC),11378,QUEENS,40.726262480625145,-73.90115868300342,Closed,The Department of Environmental Protection has investigated this complaint and found that debris was obstructing the catch basin.
59623192,2023-12-02T13:47:00.000,2023-12-03T14:50:00.000,DEP,Sewer,Catch Basin Search (SC2),11385,QUEENS,40.69674944129266,-73.90611779428339,Closed,The Department of Environmental Protection resolved this complaint by speaking to the complainant on the phone.
59624244,2023-12-03T11:08:00.000,2023-12-03T12:40:00.000,DEP,Sewer,Sewer Backup (Use Comments) (SA),11422,QUEENS,40.674367024438034,-73.73580234445322,Closed,The Department of Environmental Protection investigated this complaint and found there was no sewer back up in the city system at the time of the inspection.
59624242,2023-12-03T09:02:00.000,2023-12-06T10:35:00.000,DEP,Sewer,Catch Basin Clogged/Flooding (Use Comments) (SC),11417,QUEENS,40.68072820706884,-73.84516559600785,Closed,"The Department of Environmental Protection inspected your complaint and cleaned the catch basin or inlet. If the condition returns, please call 311 (or 212-639-9675 if calling from a non-New York City area code) to submit a new complaint."
59623194,2023-12-02T16:59:00.000,2023-12-02T18:35:00.000,DEP,Sewer,Sewer Backup (Use Comments) (SA),11413,QUEENS,40.674992466080056,-73.7580975016559,Closed,The Department of Environmental Protection has investigated this complaint. Surcharge conditions have been confirmed and attributed to grease. Work was performed to relieve the blockage.
59625219,2023-12-03T12:17:00.000,2023-12-03T13:45:00.000,DEP,Sewer,Sewer Backup (Use Comments) (SA),11106,QUEENS,40.76468368198577,-73.92718359841146,Closed,The Department of Environmental Protection investigated this complaint and found there was no sewer back up in the city system at the time of the inspection.
59610526,2023-12-01T15:11:00.000,2023-12-03T13:05:00.000,DEP,Sewer,Catch Basin Clogged/Flooding (Use Comments) (SC),11378,QUEENS,40.72686534238112,-73.90001768983859,Closed,"The Department of Environment Protection inspected your complaint but could not find the problem you reported. If the condition persists, please call 311 (or 212-639-9675 if calling from a non-New York City area code) with more detailed information to submit a new complaint."
59621079,2023-12-02T02:50:00.000,2023-12-02T05:30:00.000,DEP,Sewer,Sewer Backup (Use Comments) (SA),11435,QUEENS,40.693520032908324,-73.80772251330671,Closed,The Department of Environmental Protection has investigated this complaint. Surcharge conditions have been confirmed and attributed to grease. Work was performed to relieve the blockage.
59617869,2023-12-02T18:44:00.000,2023-12-14T12:00:00.000,DEP,Sewer,Culvert Blocked/Needs Cleaning (SE),11434,QUEENS,40.687445719191565,-73.76614731402351,Closed,"The Department of Environment Protection inspected your complaint but could not find the problem you reported. If the condition persists, please call 311 (or 212-639-9675 if calling from a non-New York City area code) with more detailed information to submit a new complaint."
59626132,2023-12-03T18:08:00.000,2024-10-22T01:30:00.000,DEP,Sewer,Catch Basin Sunken/Damaged/Raised (SC1),11374,QUEENS,40.73191229377317,-73.86683288019333,Closed,"The Department of Environmental Protection has investigated this complaint. Upon investigation, a defect was found done."
59618962,2023-12-02T09:29:00.000,2023-12-02T12:10:00.000,DEP,Sewer,Catch Basin Sunken/Damaged/Raised (SC1),11364,QUEENS,40.753146339979395,-73.75643853460379,Closed,"The Department of Environment Protection inspected your complaint but could not find the problem you reported. If the condition persists, please call 311 (or 212-639-9675 if calling from a non-New York City area code) with more detailed information to submit a new complaint."
59625222,2023-12-03T15:14:00.000,2023-12-04T09:35:00.000,DEP,Sewer,Street Flooding (SJ),11377,QUEENS,40.76216120516277,-73.89508422945241,Closed,"The Department of Environment Protection inspected your complaint but could not find the problem you reported. If the condition persists, please call 311 (or 212-639-9675 if calling from a non-New York City area code) with more detailed information to submit a new complaint."
59611857,2023-12-01T11:14:00.000,2023-12-01T12:40:00.000,DEP,Sewer,Sewer Backup (Use Comments) (SA),11385,QUEENS,40.69776420918941,-73.90514626170375,Closed,The Department of Environmental Protection investigated this complaint and found there was no sewer back up in the city system at the time of the inspection.
59614474,2023-12-01T08:23:00.000,2023-12-01T10:05:00.000,DEP,Sewer,Sewer Backup (Use Comments) (SA),11419,QUEENS,40.69521133758469,-73.81644824903736,Closed,The Department of Environmental Protection investigated this complaint and found there was no sewer back up in the city system at the time of the inspection.
59625213,2023-12-03T09:41:00.000,2023-12-05T08:45:00.000,DEP,Sewer,Catch Basin Clogged/Flooding (Use Comments) (SC),11357,QUEENS,40.77560917969173,-73.80379188981568,Closed,"The Department of Environmental Protection inspected your complaint and cleaned the catch basin or inlet. If the condition returns, please call 311 (or 212-639-9675 if calling from a non-New York City area code) to submit a new complaint."
59626135,2023-12-03T11:38:00.000,2023-12-03T14:15:00.000,DEP,Sewer,Sewer Backup (Use Comments) (SA),11411,QUEENS,40.69345453647684,-73.73592504614693,Closed,The Department of Environmental Protection investigated this complaint and found there was no sewer back up in the city system at the time of the inspection.
59623193,2023-12-02T21:05:00.000,2023-12-02T21:45:00.000,DEP,Sewer,Sewer Backup (Use Comments) (SA),11428,QUEENS,40.71558395841326,-73.7473915862476,Closed,The Department of Environmental Protection has investigated this complaint. Surcharge conditions have been confirmed and attributed to grease. Work was performed to relieve the blockage.
59610533,2023-12-01T00:26:00.000,2023-12-11T00:45:00.000,DEP,Sewer,Sewer Odor (SA2),11369,QUEENS,40.76973780104231,-73.87176102726683,Closed,"The Department of Environment Protection inspected your complaint but could not find the problem you reported. If the condition persists, please call 311 (or 212-639-9675 if calling from a non-New York City area code) with more detailed information to submit a new complaint."
59624245,2023-12-03T21:59:00.000,2023-12-04T01:00:00.000,DEP,Sewer,Sewer Backup (Use Comments) (SA),11375,QUEENS,40.71264974268142,-73.84302094518362,Closed,The Department of Environmental Protection has investigated this complaint. Surcharge conditions have been confirmed and attributed to grease. Work was performed to relieve the blockage.
59626131,2023-12-03T15:47:00.000,2023-12-05T13:45:00.000,DEP,Sewer,Catch Basin Clogged/Flooding (Use Comments) (SC),11379,QUEENS,40.713857226283544,-73.87666251573074,Closed,"The Department of Environmental Protection inspected your complaint and cleaned the catch basin or inlet. If the condition returns, please call 311 (or 212-639-9675 if calling from a non-New York City area code) to submit a new complaint."
59626138,2023-12-03T17:14:00.000,2023-12-04T10:20:00.000,DEP,Sewer,Street Flooding (SJ),11385,QUEENS,40.7054112921135,-73.88431362806014,Closed,"The Department of Environment Protection inspected your complaint but could not find the problem you reported. If the condition persists, please call 311 (or 212-639-9675 if calling from a non-New York City area code) with more detailed information to submit a new complaint."
59618961,2023-12-02T16:02:00.000,2023-12-04T12:30:00.000,DEP,Sewer,Catch Basin Search (SC2),11369,QUEENS,40.76257912886307,-73.86898440068693,Closed,The Department of Environmental Protection (DEP) investigated this request and completed a search of the catch basin.
59624175,2023-12-02T15:11:00.000,2023-12-11T09:17:00.000,DEP,Sewer,RAIN GARDEN DEBRIS (GIRGD),11372,QUEENS,40.75092224616417,-73.87147602807038,Closed,"NYC DEP investigated and determined the infrastructure required cleaning, which was completed at the time of the inspection."
59629808,2023-12-03T10:08:00.000,2023-12-03T11:20:00.000,DEP,Sewer,Sewer Backup (Use Comments) (SA),11375,QUEENS,40.71276812110718,-73.84328038109126,Closed,"The Department of Environmental Protection has investigated this complaint. Upon investigation, there was no indication of a city sewer issue and there is a suspected sewer backup due to an internal plumbing issue."
59632986,2023-12-04T09:11:00.000,2023-12-05T12:00:00.000,DEP,Sewer,Catch Basin Clogged/Flooding (Use Comments) (SC),11434,QUEENS,40.68262652756757,-73.77897103737861,Closed,"The Department of Environment Protection inspected your complaint but could not find the problem you reported. If the condition persists, please call 311 (or 212-639-9675 if calling from a non-New York City area code) with more detailed information to submit a new complaint."
59627058,2023-12-03T14:44:00.000,2023-12-04T11:20:00.000,DEP,Sewer,Street Flooding (SJ),11432,QUEENS,40.713078025858366,-73.79124626094924,Closed,"The Department of Environment Protection inspected your complaint but could not find the problem you reported. If the condition persists, please call 311 (or 212-639-9675 if calling from a non-New York City area code) with more detailed information to submit a new complaint."
59632990,2023-12-04T10:29:00.000,2023-12-04T12:40:00.000,DEP,Sewer,Defective/Missing Curb Piece (SC4),11377,QUEENS,40.742074838738674,-73.90419542926998,Closed,"The Department of Environment Protection inspected your complaint but could not find the problem you reported. If the condition persists, please call 311 (or 212-639-9675 if calling from a non-New York City area code) with more detailed information to submit a new complaint."
59625220,2023-12-03T11:05:00.000,2023-12-03T15:05:00.000,DEP,Sewer,Sewer Backup (Use Comments) (SA),11427,QUEENS,40.7326364961141,-73.76253564103428,Closed,The Department of Environmental Protection has investigated this complaint. Surcharge conditions have been confirmed and attributed to grease. Work was performed to relieve the blockage.
59617867,2023-12-02T16:56:00.000,2023-12-04T12:10:00.000,DEP,Sewer,Catch Basin Clogged/Flooding (Use Comments) (SC),11362,QUEENS,40.75397272648211,-73.72599030955537,Closed,The Department of Environmental Protection has investigated this complaint and found that debris was obstructing the catch basin.
59632529,2023-12-04T12:55:46.000,2024-02-14T13:38:46.000,DPR,Root/Sewer/Sidewalk Condition,Trees and Sidewalks Program,11420,QUEENS,40.67017165015165,-73.81876297790012,Closed,"NYC Parks inspected the requested repair site. This site meets the criteria for repair under the Trees & Sidewalks Program. The timeframe for repair work depends on available funding for the program, the severity of damage, and the other sidewalk requests in the surrounding district."
59634287,2023-12-04T10:56:00.000,2023-12-05T13:00:00.000,DEP,Sewer,Catch Basin Search (SC2),11379,QUEENS,40.71460037772803,-73.87860544590978,Closed,The Department of Environmental Protection (DEP) investigated this request and completed a search of the catch basin.
59634288,2023-12-04T23:29:00.000,2023-12-05T06:33:00.000,DEP,Sewer,Catch Basin Search (SC2),11434,QUEENS,40.68738730682281,-73.78695287862871,Closed,"The Department of Environmental Protection has determined that this issue was previously reported by another customer The original complaint is being addressed. If the condition persists, please call 311 (or 212-639-9675 if calling from a non-New York City area code) to submit a new complaint."
59625212,2023-12-03T09:50:00.000,2023-12-09T14:50:00.000,DEP,Sewer,Catch Basin Clogged/Flooding (Use Comments) (SC),11433,QUEENS,40.697406484337726,-73.78735362067721,Closed,"The Department of Environmental Protection inspected your complaint and cleaned the catch basin or inlet. If the condition returns, please call 311 (or 212-639-9675 if calling from a non-New York City area code) to submit a new complaint."
59630458,2023-12-03T14:11:10.000,2024-01-30T15:16:28.000,DPR,Root/Sewer/Sidewalk Condition,Trees and Sidewalks Program,11434,QUEENS,40.68431875394147,-73.76447806255914,Closed,"NYC Parks inspected and determined this site does not rate high enough to be repaired by NYC Parks at this time.   We understand conditions may become worse over time. In three years, you may submit a service request via 311, the Parks website, or NYC Tree Map for a new inspection.   You can repair the sidewalk yourself by hiring an independent contractor. The contractor must complete a Tree Work Permit application on the NYC Parks website."
59626134,2023-12-03T15:26:00.000,2023-12-03T16:25:00.000,DEP,Sewer,Manhole Overflow (Use Comments) (SA1),11432,QUEENS,40.71539752047582,-73.79438816505399,Closed,"The Department of Environment Protection inspected your complaint but could not find the problem you reported. If the condition persists, please call 311 (or 212-639-9675 if calling from a non-New York City area code) with more detailed information to submit a new complaint."
59632983,2023-12-04T11:23:00.000,2023-12-06T10:40:00.000,DEP,Sewer,Catch Basin Clogged/Flooding (Use Comments) (SC),11416,QUEENS,40.681428400589446,-73.85594427443056,Closed,"The Department of Environmental Protection inspected your complaint and cleaned the catch basin or inlet. If the condition returns, please call 311 (or 212-639-9675 if calling from a non-New York City area code) to submit a new complaint."
59632987,2023-12-04T23:26:00.000,2023-12-05T01:30:00.000,DEP,Sewer,Catch Basin Grating Missing (SA4),11434,QUEENS,40.68738730682281,-73.78695287862871,Closed,The Department of Environmental Protection investigated this complaint and replaced the damaged or missing catch basin.
59634290,2023-12-04T01:29:00.000,2023-12-04T11:10:00.000,DEP,Sewer,Sewer Backup (Use Comments) (SA),11413,QUEENS,40.65994535987263,-73.7515742182533,Closed,The Department of Environmental Protection investigated this complaint and found there was no sewer back up in the city system at the time of the inspection.
59627993,2023-12-03T15:59:00.000,2023-12-03T17:00:00.000,DEP,Sewer,Sewer Backup (Use Comments) (SA),11435,QUEENS,40.69534650714395,-73.8051712622817,Closed,The Department of Environmental Protection investigated this complaint and found there was no sewer back up in the city system at the time of the inspection.
65238293,2025-06-11T11:10:03.000,2026-03-19T09:46:03.000,DPR,Root/Sewer/Sidewalk Condition,Trees and Sidewalks Program,11413,QUEENS,40.67437566164977,-73.75977610106891,Closed,"NYC Parks inspected and determined this site does not rate high enough to be repaired by NYC Parks at this time.   We understand conditions may become worse over time. In three years, you may submit a service request via 311, the Parks website, or NYC Tree Map for a new inspection.   You can repair the sidewalk yourself by hiring an independent contractor. The contractor must complete a Tree Work Permit application on the NYC Parks website."
59632995,2023-12-04T13:08:00.000,2023-12-04T13:20:00.000,DEP,Sewer,Street Flooding (SJ),11366,QUEENS,40.72599836818482,-73.80254892717748,Closed,"The Department of Environment Protection inspected your complaint but could not find the problem you reported. If the condition persists, please call 311 (or 212-639-9675 if calling from a non-New York City area code) with more detailed information to submit a new complaint."
59627991,2023-12-03T14:20:00.000,2023-12-04T10:35:00.000,DEP,Sewer,Catch Basin Search (SC2),11379,QUEENS,40.71460037772803,-73.87860544590978,Closed,The Department of Environmental Protection resolved this complaint by speaking to the complainant on the phone.
65251206,2025-06-12T10:29:36.000,2026-03-19T09:46:07.000,DPR,Root/Sewer/Sidewalk Condition,Trees and Sidewalks Program,11413,QUEENS,40.67210752108206,-73.75801423634056,Closed,"NYC Parks inspected and determined this site does not rate high enough to be repaired by NYC Parks at this time.   We understand conditions may become worse over time. In three years, you may submit a service request via 311, the Parks website, or NYC Tree Map for a new inspection.   You can repair the sidewalk yourself by hiring an independent contractor. The contractor must complete a Tree Work Permit application on the NYC Parks website."
59623191,2023-12-02T13:11:00.000,2023-12-05T14:00:00.000,DEP,Sewer,Catch Basin Clogged/Flooding (Use Comments) (SC),11413,QUEENS,40.6787829478052,-73.74410953520565,Closed,"The Department of Environment Protection inspected your complaint but could not find the problem you reported. If the condition persists, please call 311 (or 212-639-9675 if calling from a non-New York City area code) with more detailed information to submit a new complaint."
59631597,2023-12-04T15:29:00.000,2023-12-06T09:50:00.000,DEP,Sewer,Catch Basin Clogged/Flooding (Use Comments) (SC),11418,QUEENS,40.69682716649769,-73.84376863845169,Closed,"The Department of Environmental Protection inspected your complaint and cleaned the catch basin or inlet. If the condition returns, please call 311 (or 212-639-9675 if calling from a non-New York City area code) to submit a new complaint."
59632992,2023-12-04T08:17:00.000,2023-12-04T09:25:00.000,DEP,Sewer,Sewer Backup (Use Comments) (SA),11413,QUEENS,40.68377186033345,-73.75884806615949,Closed,The Department of Environmental Protection investigated this complaint and found there was no sewer back up in the city system at the time of the inspection.
59630459,2023-12-03T11:57:32.000,2024-02-05T14:53:50.000,DPR,Root/Sewer/Sidewalk Condition,Trees and Sidewalks Program,11004,QUEENS,40.74280797763689,-73.70740405444172,Closed,"NYC Parks inspected and determined this site does not rate high enough to be repaired by NYC Parks at this time.   We understand conditions may become worse over time. In three years, you may submit a service request via 311, the Parks website, or NYC Tree Map for a new inspection.   You can repair the sidewalk yourself by hiring an independent contractor. The contractor must complete a Tree Work Permit application on the NYC Parks website."
59627059,2023-12-03T12:41:00.000,2023-12-05T08:20:00.000,DEP,Sewer,Street Flooding (SJ),11102,QUEENS,40.77048362787052,-73.91556662717413,Closed,The Department of Environmental Protection investigated this complaint and resolved the street flooding.
59625223,2023-12-03T10:44:00.000,2023-12-03T12:20:00.000,DEP,Sewer,Street Flooding (SJ),11374,QUEENS,40.72450410399943,-73.85538575802423,Closed,"The Department of Environment Protection inspected your complaint but could not find the problem you reported. If the condition persists, please call 311 (or 212-639-9675 if calling from a non-New York City area code) with more detailed information to submit a new complaint."
59628899,2023-12-03T10:41:00.000,2023-12-03T13:00:00.000,DEP,Sewer,Street Flooding (SJ),11432,QUEENS,40.728429714305605,-73.77672647580877,Closed,The Department of Environmental Protection has investigated this complaint and found that debris was obstructing the catch basin.
59631601,2023-12-04T12:44:00.000,,DEP,Sewer,Manhole Overflow (Use Comments) (SA1),11102,QUEENS,40.77086638295377,-73.93431799348073,Open,
59627992,2023-12-03T11:17:00.000,2023-12-03T13:15:00.000,DEP,Sewer,Sewer Backup (Use Comments) (SA),11413,QUEENS,40.65994535987263,-73.7515742182533,Closed,"The Department of Environmental Protection has investigated this complaint. Upon investigation, there was no indication of a city sewer issue and there is a suspected sewer backup due to an internal plumbing issue."
59632993,2023-12-04T20:11:00.000,2023-12-04T21:40:00.000,DEP,Sewer,Sewer Odor (SA2),11427,QUEENS,40.73344343312452,-73.74210631202004,Closed,The Department of Environmental Protection investigated this complaint and found there was no sewer back up in the city system at the time of the inspection.
59632991,2023-12-04T10:26:00.000,2023-12-04T14:30:00.000,DEP,Sewer,Sewer Backup (Use Comments) (SA),11417,QUEENS,40.67829708447399,-73.8477850712163,Closed,The Department of Environmental Protection investigated this complaint and found there was no sewer back up in the city system at the time of the inspection.
59628897,2023-12-03T18:11:00.000,2023-12-04T08:30:00.000,DEP,Sewer,Street Flooding (SJ),11360,QUEENS,40.784042180747846,-73.79193013619255,Closed,"The Department of Environment Protection inspected your complaint but could not find the problem you reported. If the condition persists, please call 311 (or 212-639-9675 if calling from a non-New York City area code) with more detailed information to submit a new complaint."
59627990,2023-12-03T16:17:00.000,2023-12-05T12:00:00.000,DEP,Sewer,Catch Basin Search (SC2),11358,QUEENS,40.76270582836838,-73.78812702294873,Closed,The Department of Environmental Protection (DEP) investigated this request and completed a search of the catch basin.
59630669,2023-12-03T14:05:00.000,2023-12-04T10:15:00.000,DEP,Sewer,Catch Basin Clogged/Flooding (Use Comments) (SC),11377,QUEENS,40.7572538445227,-73.90484858404072,Closed,The Department of Environmental Protection has investigated this complaint and found that debris was obstructing the catch basin.
59631602,2023-12-04T11:38:00.000,2023-12-04T17:35:00.000,DEP,Sewer,Sewer Backup (Use Comments) (SA),11413,QUEENS,40.6622788737558,-73.74924788103361,Closed,"The Department of Environmental Protection has investigated this complaint. Upon investigation, there was no indication of a city sewer issue and there is a suspected sewer backup due to an internal plumbing issue."
59641177,2023-12-04T11:56:00.000,2023-12-04T16:45:00.000,DEP,Sewer,Sewer Backup (Use Comments) (SA),11432,QUEENS,40.706661861600296,-73.79802193191954,Closed,The Department of Environmental Protection investigated this complaint and found there was no sewer back up in the city system at the time of the inspection.
59637089,2023-12-04T04:47:00.000,2023-12-04T10:30:00.000,DEP,Sewer,Sewer Backup (Use Comments) (SA),11413,QUEENS,40.66541664680809,-73.76373737541695,Closed,The Department of Environmental Protection investigated this complaint and found there was no sewer back up in the city system at the time of the inspection.
59637084,2023-12-04T22:56:00.000,2023-12-05T08:15:00.000,DEP,Sewer,Catch Basin Search (SC2),11434,QUEENS,40.68738730682281,-73.78695287862871,Closed,The Department of Environmental Protection resolved this complaint by speaking to the complainant on the phone.
59640685,2023-12-04T15:54:40.000,2024-02-19T23:29:04.000,DPR,Root/Sewer/Sidewalk Condition,Trees and Sidewalks Program,11354,QUEENS,40.775553569462176,-73.81497393433006,Closed,"NYC Parks inspected the requested repair site. This site meets the criteria for repair under the Trees & Sidewalks Program. The timeframe for repair work depends on available funding for the program, the severity of damage, and the other sidewalk requests in the surrounding district."
59638457,2023-12-04T08:23:00.000,2023-12-09T10:15:00.000,DEP,Sewer,Catch Basin Clogged/Flooding (Use Comments) (SC),11693,QUEENS,40.58497044149723,-73.81530394369655,Closed,"The Department of Environmental Protection inspected your complaint and cleaned the catch basin or inlet. If the condition returns, please call 311 (or 212-639-9675 if calling from a non-New York City area code) to submit a new complaint."
59635703,2023-12-04T10:29:00.000,2023-12-05T10:20:00.000,DEP,Sewer,Street Flooding (SJ),11420,QUEENS,40.68352396994161,-73.80962262659527,Closed,"The Department of Environment Protection inspected your complaint but could not find the problem you reported. If the condition persists, please call 311 (or 212-639-9675 if calling from a non-New York City area code) with more detailed information to submit a new complaint."
59641173,2023-12-04T12:29:00.000,2023-12-04T12:45:00.000,DEP,Sewer,Catch Basin Search (SC2),11358,QUEENS,40.76270582836838,-73.78812702294873,Closed,"The Department of Environmental Protection has determined that this issue was previously reported by another customer The original complaint is being addressed. If the condition persists, please call 311 (or 212-639-9675 if calling from a non-New York City area code) to submit a new complaint."
59631361,2023-12-03T13:15:03.000,2024-02-19T23:29:04.000,DPR,Root/Sewer/Sidewalk Condition,Trees and Sidewalks Program,11354,QUEENS,40.774522297528954,-73.82421966832392,Closed,"NYC Parks inspected the requested repair site. This site meets the criteria for repair under the Trees & Sidewalks Program. The timeframe for repair work depends on available funding for the program, the severity of damage, and the other sidewalk requests in the surrounding district."
59639842,2023-12-04T12:38:00.000,2023-12-04T18:20:00.000,DEP,Sewer,Sewer Backup (Use Comments) (SA),11691,QUEENS,40.60003738618889,-73.74906030849756,Closed,The Department of Environmental Protection investigated this complaint and found there was no sewer back up in the city system at the time of the inspection.
59631605,2023-12-04T13:20:00.000,2023-12-04T19:05:00.000,DEP,Sewer,Sewer Backup (Use Comments) (SA),11691,QUEENS,40.59458010523397,-73.77812103856405,Closed,The Department of Environmental Protection investigated this complaint and found there was no sewer back up in the city system at the time of the inspection.
59641176,2023-12-04T14:56:00.000,2023-12-04T16:11:00.000,DEP,Sewer,Manhole Overflow (Use Comments) (SA1),11356,QUEENS,40.785012113117496,-73.8532213088579,Closed,"The Department of Environmental Protection has determined that this issue was previously reported by another customer The original complaint is being addressed. If the condition persists, please call 311 (or 212-639-9675 if calling from a non-New York City area code) to submit a new complaint."
59639844,2023-12-04T07:44:00.000,2023-12-04T09:25:00.000,DEP,Sewer,Street Flooding (SJ),11106,QUEENS,40.767235075568,-73.92964289300815,Closed,"The Department of Environment Protection inspected your complaint but could not find the problem you reported. If the condition persists, please call 311 (or 212-639-9675 if calling from a non-New York City area code) with more detailed information to submit a new complaint."
59632984,2023-12-04T09:44:00.000,2023-12-05T14:20:00.000,DEP,Sewer,Catch Basin Clogged/Flooding (Use Comments) (SC),11422,QUEENS,40.65441630891783,-73.73392798272349,Closed,"The Department of Environment Protection inspected your complaint but could not find the problem you reported. If the condition persists, please call 311 (or 212-639-9675 if calling from a non-New York City area code) with more detailed information to submit a new complaint."
59627057,2023-12-03T17:05:00.000,2023-12-03T17:35:00.000,DEP,Sewer,Sewer Backup (Use Comments) (SA),11412,QUEENS,40.6986737276317,-73.76842684056675,Closed,"The Department of Environmental Protection has investigated this complaint. Upon investigation, there was no indication of a city sewer issue and there is a suspected sewer backup due to an internal plumbing issue."
59635700,2023-12-04T10:20:00.000,2023-12-04T12:05:00.000,DEP,Sewer,Sewer Backup (Use Comments) (SA),11367,QUEENS,40.7276672576947,-73.82644670024376,Closed,The Department of Environmental Protection investigated this complaint and found there was no sewer back up in the city system at the time of the inspection.
59642503,2023-12-05T14:14:00.000,2023-12-06T10:55:00.000,DEP,Sewer,Catch Basin Clogged/Flooding (Use Comments) (SC),11356,QUEENS,40.7858164329774,-73.85116842781116,Closed,"The Department of Environment Protection inspected your complaint but could not find the problem you reported. If the condition persists, please call 311 (or 212-639-9675 if calling from a non-New York City area code) with more detailed information to submit a new complaint."
59627994,2023-12-03T08:14:00.000,2023-12-03T09:55:00.000,DEP,Sewer,Sewer Backup (Use Comments) (SA),11357,QUEENS,40.79027837287375,-73.79975811463366,Closed,"The Department of Environmental Protection has investigated this complaint. Upon investigation, there was no indication of a city sewer issue and there is a suspected sewer backup due to an internal plumbing issue."
59640690,2023-12-04T12:32:17.000,2024-04-11T15:01:42.000,DPR,Root/Sewer/Sidewalk Condition,Trees and Sidewalks Program,11367,QUEENS,40.74001334904684,-73.83023968298335,Closed,"NYC Parks inspected the requested repair site. This site meets the criteria for repair under the Trees & Sidewalks Program. The timeframe for repair work depends on available funding for the program, the severity of damage, and the other sidewalk requests in the surrounding district."
59634289,2023-12-04T17:11:00.000,2023-12-05T15:33:00.000,DEP,Sewer,Culvert Blocked/Needs Cleaning (SE),11421,QUEENS,40.68853381733955,-73.8509997446594,Closed,The Department of Environmental Protection determined that this complaint is a duplicate of a previously filed complaint. The original complaint is being addressed.
59639393,2023-12-04T13:02:54.000,2024-02-08T15:50:42.000,DPR,Root/Sewer/Sidewalk Condition,Trees and Sidewalks Program,11385,QUEENS,40.69932806239275,-73.90770459328262,Closed,NYC Parks inspected and determined that the site is ineligible for the Trees and Sidewalks Program because of one or more of the following reasons:  - The property adjacent to the sidewalk is not in Tax Class 1 - The property adjacent to the sidewalk is not owner-occupied - The property adjacent to the sidewalk contains a place of business  You can repair the sidewalk yourself by hiring an independent contractor. The contractor must complete a Tree Work Permit application on the NYC Parks website.
59635701,2023-12-04T10:20:00.000,2023-12-04T12:00:00.000,DEP,Sewer,Sewer Backup (Use Comments) (SA),11367,QUEENS,40.72763991892488,-73.82651893054192,Closed,The Department of Environmental Protection investigated this complaint and found there was no sewer back up in the city system at the time of the inspection.
59628895,2023-12-03T10:35:00.000,2023-12-03T11:45:00.000,DEP,Sewer,Sewer Backup (Use Comments) (SA),11413,QUEENS,40.66541664680809,-73.76373737541695,Closed,"The Department of Environmental Protection has investigated this complaint. Upon investigation, there was no indication of a city sewer issue and there is a suspected sewer backup due to an internal plumbing issue."
59642504,2023-12-05T10:59:00.000,2024-01-27T10:15:00.000,DEP,Sewer,Defective/Missing Curb Piece (SC4),11375,QUEENS,40.72045875682256,-73.85573003928693,Closed,The Department of Environmental Protection has investigated this complaint and has performed repair work.
59630674,2023-12-03T10:56:00.000,2023-12-03T12:05:00.000,DEP,Sewer,Sewer Backup (Use Comments) (SA),11375,QUEENS,40.71974261248339,-73.85374384306705,Closed,The Department of Environmental Protection investigated this complaint and found there was no sewer back up in the city system at the time of the inspection.
59638019,2023-12-04T11:29:41.000,2024-03-18T14:10:52.000,DPR,Root/Sewer/Sidewalk Condition,Trees and Sidewalks Program,11379,QUEENS,40.70836779000546,-73.8742127611516,Closed,NYC Parks inspected and determined that the site is ineligible for the Trees and Sidewalks Program because of one or more of the following reasons:  - The property adjacent to the sidewalk is not in Tax Class 1 - The property adjacent to the sidewalk is not owner-occupied - The property adjacent to the sidewalk contains a place of business  You can repair the sidewalk yourself by hiring an independent contractor. The contractor must complete a Tree Work Permit application on the NYC Parks website.
59630670,2023-12-03T09:47:00.000,2023-12-03T10:55:00.000,DEP,Sewer,Sewer Backup (Use Comments) (SA),11417,QUEENS,40.6781215450257,-73.84378361723034,Closed,"The Department of Environmental Protection has investigated this complaint. Upon investigation, there was no indication of a city sewer issue and there is a suspected sewer backup due to an internal plumbing issue."
59639839,2023-12-04T13:56:00.000,2023-12-05T09:15:00.000,DEP,Sewer,Catch Basin Sunken/Damaged/Raised (SC1),11373,QUEENS,40.733388239814346,-73.88390783811207,Closed,"The Department of Environment Protection inspected your complaint but could not find the problem you reported. If the condition persists, please call 311 (or 212-639-9675 if calling from a non-New York City area code) with more detailed information to submit a new complaint."
59641178,2023-12-04T09:29:00.000,2023-12-04T11:05:00.000,DEP,Sewer,Sewer Backup (Use Comments) (SA),11375,QUEENS,40.7140702789713,-73.85679717471923,Closed,"The Department of Environmental Protection has investigated this complaint. Upon investigation, there was no indication of a city sewer issue and there is a suspected sewer backup due to an internal plumbing issue."
59630678,2023-12-03T22:26:00.000,2023-12-04T09:40:00.000,DEP,Sewer,Street Flooding (SJ),11354,QUEENS,40.76588422481714,-73.81182758252365,Closed,"The Department of Environment Protection inspected your complaint but could not find the problem you reported. If the condition persists, please call 311 (or 212-639-9675 if calling from a non-New York City area code) with more detailed information to submit a new complaint."
59637085,2023-12-04T15:11:00.000,2023-12-08T12:25:00.000,DEP,Sewer,Catch Basin Search (SC2),11375,QUEENS,40.72689523979765,-73.85356939702957,Closed,"The Department of Environment Protection inspected your complaint but could not find the problem you reported. If the condition persists, please call 311 (or 212-639-9675 if calling from a non-New York City area code) with more detailed information to submit a new complaint."
59628898,2023-12-03T12:26:00.000,2023-12-03T12:45:00.000,DEP,Sewer,Street Flooding (SJ),11385,QUEENS,40.704627468523576,-73.87244171269093,Closed,"The Department of Environment Protection inspected your complaint but could not find the problem you reported. If the condition persists, please call 311 (or 212-639-9675 if calling from a non-New York City area code) with more detailed information to submit a new complaint."
59635697,2023-12-04T15:20:00.000,2023-12-04T16:30:00.000,DEP,Sewer,Manhole Cover Missing (Emergency) (SA3),11356,QUEENS,40.781436295067415,-73.84323791891379,Closed,NYC DEP investigated and determined that there is an active capital project which will resolve the issue.
59638461,2023-12-04T17:02:00.000,2023-12-04T20:45:00.000,DEP,Sewer,Sewer Backup (Use Comments) (SA),11385,QUEENS,40.70254543770643,-73.90168795033242,Closed,The Department of Environmental Protection investigated this complaint and found there was no sewer back up in the city system at the time of the inspection.
59627989,2023-12-03T11:41:00.000,2023-12-04T11:35:00.000,DEP,Sewer,Catch Basin Clogged/Flooding (Use Comments) (SC),11427,QUEENS,40.73290697359417,-73.76060426531495,Closed,The Department of Environmental Protection has investigated this complaint and found that debris was obstructing the catch basin.
59639843,2023-12-04T09:38:00.000,2023-12-04T10:45:00.000,DEP,Sewer,Street Flooding (SJ),11385,QUEENS,40.69511664556036,-73.90321711048776,Closed,"The Department of Environment Protection inspected your complaint but could not find the problem you reported. If the condition persists, please call 311 (or 212-639-9675 if calling from a non-New York City area code) with more detailed information to submit a new complaint."
59643925,2023-12-05T13:26:00.000,2023-12-05T15:15:00.000,DEP,Sewer,Sewer Backup (Use Comments) (SA),11435,QUEENS,40.69368318087653,-73.81010208129375,Closed,The Department of Environmental Protection has investigated this complaint. Surcharge conditions have been confirmed and attributed to grease. Work was performed to relieve the blockage.
59650736,2023-12-05T20:26:00.000,2023-12-05T21:10:00.000,DEP,Sewer,Sewer Backup (Use Comments) (SA),11432,QUEENS,40.708155469915496,-73.79517155984168,Closed,The Department of Environmental Protection investigated this complaint and found there was no sewer back up in the city system at the time of the inspection.
59651669,2023-12-05T10:37:44.000,2024-02-14T13:38:46.000,DPR,Root/Sewer/Sidewalk Condition,Trees and Sidewalks Program,11420,QUEENS,40.66799847896526,-73.81746757550793,Closed,"NYC Parks inspected the requested repair site. This site meets the criteria for repair under the Trees & Sidewalks Program. The timeframe for repair work depends on available funding for the program, the severity of damage, and the other sidewalk requests in the surrounding district."
59646222,2023-12-05T21:51:48.000,2024-01-16T15:25:34.000,DPR,Root/Sewer/Sidewalk Condition,Trees and Sidewalks Program,11365,QUEENS,40.74589179463555,-73.79436623036582,Closed,"The Service Request submitted did not have sufficient location or complaint information for NYC Parks to respond.  Please submit a new Service Request with adequate site details, including a full street address and descriptive location information."
59638459,2023-12-04T10:14:00.000,2023-12-04T13:05:00.000,DEP,Sewer,Sewer Backup (Use Comments) (SA),11434,QUEENS,40.68262652756757,-73.77897103737861,Closed,The Department of Environmental Protection has investigated this complaint. Surcharge conditions have been confirmed and attributed to grease. Work was performed to relieve the blockage.
59635702,2023-12-04T13:08:00.000,2023-12-04T14:40:00.000,DEP,Sewer,Sewer Backup (Use Comments) (SA),11435,QUEENS,40.7068408966634,-73.81471019617499,Closed,The Department of Environmental Protection has investigated this complaint. Surcharge conditions have been confirmed and attributed to grease. Work was performed to relieve the blockage.
59645307,2023-12-05T14:11:00.000,2023-12-05T15:00:00.000,DEP,Sewer,Sewer Odor (SA2),11365,QUEENS,40.73674128455737,-73.80410841828775,Closed,The Department of Environmental Protection investigated this complaint and found there was no sewer back up in the city system at the time of the inspection.
59643449,2023-12-05T10:02:03.000,2024-02-08T21:11:29.000,DPR,Root/Sewer/Sidewalk Condition,Trees and Sidewalks Program,11379,QUEENS,40.725186125593645,-73.88046583647464,Closed,"NYC Parks inspected the requested repair site. This site meets the criteria for repair under the Trees & Sidewalks Program. The timeframe for repair work depends on available funding for the program, the severity of damage, and the other sidewalk requests in the surrounding district."
59646224,2023-12-05T17:17:27.000,2024-02-23T14:26:26.000,DPR,Root/Sewer/Sidewalk Condition,Trees and Sidewalks Program,11420,QUEENS,40.68121768108991,-73.81768016798055,Closed,NYC Parks inspected and determined that the site is ineligible for the Trees and Sidewalks Program because of one or more of the following reasons:  - The property adjacent to the sidewalk is not in Tax Class 1 - The property adjacent to the sidewalk is not owner-occupied - The property adjacent to the sidewalk contains a place of business  You can repair the sidewalk yourself by hiring an independent contractor. The contractor must complete a Tree Work Permit application on the NYC Parks website.
59645302,2023-12-05T10:41:00.000,2023-12-05T15:35:00.000,DEP,Sewer,Catch Basin Clogged/Flooding (Use Comments) (SC),11433,QUEENS,40.697406484337726,-73.78735362067721,Closed,"The Department of Environmental Protection has determined that this issue was previously reported by another customer The original complaint is being addressed. If the condition persists, please call 311 (or 212-639-9675 if calling from a non-New York City area code) to submit a new complaint."
59645306,2023-12-05T08:26:00.000,2023-12-05T10:50:00.000,DEP,Sewer,Sewer Backup (Use Comments) (SA),11102,QUEENS,40.770709467496225,-73.92050881795285,Closed,"The Department of Environmental Protection has investigated this complaint. Upon investigation, there was no indication of a city sewer issue and there is a suspected sewer backup due to an internal plumbing issue."
59646650,2023-12-05T08:23:00.000,2023-12-05T10:50:00.000,DEP,Sewer,Sewer Backup (Use Comments) (SA),11102,QUEENS,40.77069016458851,-73.9203788708547,Closed,"The Department of Environmental Protection has investigated this complaint. Upon investigation, there was no indication of a city sewer issue and there is a suspected sewer backup due to an internal plumbing issue."
59638460,2023-12-04T07:59:00.000,2023-12-04T09:10:00.000,DEP,Sewer,Sewer Backup (Use Comments) (SA),11362,QUEENS,40.76398918567988,-73.736948569593,Closed,"The Department of Environmental Protection has investigated this complaint. Upon investigation, there was no indication of a city sewer issue and there is a suspected sewer backup due to an internal plumbing issue."
59643926,2023-12-05T20:56:00.000,2023-12-05T21:40:00.000,DEP,Sewer,Sewer Odor (SA2),11422,QUEENS,40.67413839153959,-73.72954484804696,Closed,"The Department of Environment Protection inspected your complaint but could not find the problem you reported. If the condition persists, please call 311 (or 212-639-9675 if calling from a non-New York City area code) with more detailed information to submit a new complaint."
59647580,2023-12-05T12:32:52.000,2024-01-11T21:05:08.000,DPR,Root/Sewer/Sidewalk Condition,Trees and Sidewalks Program,11426,QUEENS,40.73576460093779,-73.72625643277067,Closed,"NYC Parks attempted to inspect the reported condition but could not find the location. Please file a new Service Request with adequate site details, including a full street address and descriptive location information."
59647579,2023-12-05T19:57:58.000,2024-03-06T14:23:44.000,DPR,Root/Sewer/Sidewalk Condition,Trees and Sidewalks Program,11413,QUEENS,40.675757957874445,-73.74277281324117,Closed,"NYC Parks inspected and determined this site does not rate high enough to be repaired by NYC Parks at this time.   We understand conditions may become worse over time. In three years, you may submit a service request via 311, the Parks website, or NYC Tree Map for a new inspection.   You can repair the sidewalk yourself by hiring an independent contractor. The contractor must complete a Tree Work Permit application on the NYC Parks website."
59636626,2023-12-04T16:03:17.000,2024-01-30T22:28:08.000,DPR,Root/Sewer/Sidewalk Condition,Trees and Sidewalks Program,11370,QUEENS,40.77014957911103,-73.8963785564191,Closed,"NYC Parks inspected the requested repair site. This site meets the criteria for repair under the Trees & Sidewalks Program. The timeframe for repair work depends on available funding for the program, the severity of damage, and the other sidewalk requests in the surrounding district."
59641171,2023-12-04T11:35:00.000,2023-12-07T07:45:00.000,DEP,Sewer,Catch Basin Clogged/Flooding (Use Comments) (SC),11368,QUEENS,40.749983146186885,-73.86165730973056,Closed,"The Department of Environmental Protection inspected your complaint and cleaned the catch basin or inlet. If the condition returns, please call 311 (or 212-639-9675 if calling from a non-New York City area code) to submit a new complaint."
59638020,2023-12-04T11:12:59.000,2024-01-17T22:18:13.000,DPR,Root/Sewer/Sidewalk Condition,Trees and Sidewalks Program,11364,QUEENS,40.75547404032668,-73.76308949383514,Closed,"NYC Parks inspected the requested repair site. This site meets the criteria for repair under the Trees & Sidewalks Program. The timeframe for repair work depends on available funding for the program, the severity of damage, and the other sidewalk requests in the surrounding district."
59647997,2023-12-05T13:32:00.000,2023-12-05T14:20:00.000,DEP,Sewer,Sewer Backup (Use Comments) (SA),11362,QUEENS,40.76798803618021,-73.73804109100296,Closed,"The Department of Environmental Protection has investigated this complaint. Upon investigation, there was no indication of a city sewer issue and there is a suspected sewer backup due to an internal plumbing issue."
59649303,2023-12-05T00:17:00.000,,DEP,Sewer,Manhole Overflow (Use Comments) (SA1),11378,QUEENS,40.73204118022564,-73.89912952581331,Assigned,"Please call 311 for further information. If you are outside of New York City, please call (212) NEW-YORK (212-639-9675)."
59643921,2023-12-05T08:14:00.000,2023-12-05T10:45:00.000,DEP,Sewer,Culvert Blocked/Needs Cleaning (SE),11385,QUEENS,40.710262640724345,-73.9178179344332,Closed,"The Department of Environment Protection inspected your complaint but could not find the problem you reported. If the condition persists, please call 311 (or 212-639-9675 if calling from a non-New York City area code) with more detailed information to submit a new complaint."
59652146,2023-12-05T10:20:00.000,2023-12-05T11:45:00.000,DEP,Sewer,Sewer Backup (Use Comments) (SA),11370,QUEENS,40.7636895448207,-73.88591266710492,Closed,"The Department of Environmental Protection has investigated this complaint. Upon investigation, there was no indication of a city sewer issue and there is a suspected sewer backup due to an internal plumbing issue."
59652150,2023-12-05T10:08:00.000,2023-12-05T13:00:00.000,DEP,Sewer,Sewer Odor (SA2),11429,QUEENS,40.70507069570158,-73.7420898405119,Closed,The Department of Environmental Protection investigated this complaint and found there was no sewer back up in the city system at the time of the inspection.
59660475,2023-12-06T11:38:00.000,2023-12-06T12:55:00.000,DEP,Sewer,Sewer Backup (Use Comments) (SA),11378,QUEENS,40.7269585009829,-73.89982993857875,Closed,"The Department of Environmental Protection has investigated this complaint. Upon investigation, there was no indication of a city sewer issue and there is a suspected sewer backup due to an internal plumbing issue."
59654882,2023-12-06T15:14:00.000,2023-12-07T07:00:00.000,DEP,Sewer,Catch Basin Clogged/Flooding (Use Comments) (SC),11423,QUEENS,40.717634560544795,-73.77252753015156,Closed,"The Department of Environmental Protection has determined that this issue was previously reported by another customer The original complaint is being addressed. If the condition persists, please call 311 (or 212-639-9675 if calling from a non-New York City area code) to submit a new complaint."
59659110,2023-12-06T10:08:00.000,2023-12-07T11:15:00.000,DEP,Sewer,Street Flooding (SJ),11413,QUEENS,40.68194826794782,-73.73826730931341,Closed,"The Department of Environmental Protection inspected your complaint and determined that the catch basin is now functioning properly.  If the condition returns, please call 311 (or 212-639-9675 if calling from a non-New York City area code) to submit a new complaint."
59656269,2023-12-06T07:23:00.000,2023-12-06T12:15:00.000,DEP,Sewer,Catch Basin Grating Missing (SA4),11694,QUEENS,40.582885418678444,-73.82653133147376,Closed,The Department of Environmental Protection investigated this complaint and replaced the damaged or missing catch basin.
59652144,2023-12-05T19:11:00.000,2023-12-06T12:20:00.000,DEP,Sewer,Catch Basin Clogged/Flooding (Use Comments) (SC),11378,QUEENS,40.71817140178217,-73.90836751975563,Closed,"The Department of Environment Protection inspected your complaint but could not find the problem you reported. If the condition persists, please call 311 (or 212-639-9675 if calling from a non-New York City area code) with more detailed information to submit a new complaint."
59649355,2023-12-05T20:32:00.000,2023-12-05T20:44:00.000,DEP,Sewer,Manhole Overflow (Use Comments) (SA1),11356,QUEENS,40.7849572139276,-73.85321781882344,Closed,The Department of Environmental Protection determined that this complaint is a duplicate of a previously filed complaint. The original complaint is being addressed.
59655828,2023-12-06T13:21:42.000,2024-01-11T21:05:08.000,DPR,Root/Sewer/Sidewalk Condition,Trees and Sidewalks Program,11426,QUEENS,40.73149460084727,-73.71418297991656,Closed,NYC Parks inspected and determined that the site is ineligible for the Trees and Sidewalks Program because of one or more of the following reasons:  - The property adjacent to the sidewalk is not in Tax Class 1 - The property adjacent to the sidewalk is not owner-occupied - The property adjacent to the sidewalk contains a place of business  You can repair the sidewalk yourself by hiring an independent contractor. The contractor must complete a Tree Work Permit application on the NYC Parks website.
59656153,2023-12-06T10:59:00.000,2023-12-18T08:36:00.000,DEP,Sewer,RAIN GARDEN DEBRIS (GIRGD),11418,QUEENS,40.69210913611922,-73.84192979963368,Closed,"NYC DEP investigated and determined the infrastructure required cleaning, which was completed at the time of the inspection."
59657646,2023-12-06T17:44:00.000,2023-12-06T17:49:00.000,DEP,Sewer,Sewer Backup (Use Comments) (SA),11433,QUEENS,40.69080668220395,-73.79262495404609,Closed,"The Department of Environmental Protection has determined that this issue was previously reported by another customer The original complaint is being addressed. If the condition persists, please call 311 (or 212-639-9675 if calling from a non-New York City area code) to submit a new complaint."
59654884,2023-12-06T15:14:00.000,2023-12-07T07:00:00.000,DEP,Sewer,Catch Basin Clogged/Flooding (Use Comments) (SC),11423,QUEENS,40.71789952250044,-73.77326975697926,Closed,"The Department of Environmental Protection has determined that this issue was previously reported by another customer The original complaint is being addressed. If the condition persists, please call 311 (or 212-639-9675 if calling from a non-New York City area code) to submit a new complaint."
59654883,2023-12-06T15:14:00.000,2023-12-08T10:25:00.000,DEP,Sewer,Catch Basin Clogged/Flooding (Use Comments) (SC),11385,QUEENS,40.699718126701804,-73.8922648874089,Closed,"The Department of Environment Protection inspected your complaint but could not find the problem you reported. If the condition persists, please call 311 (or 212-639-9675 if calling from a non-New York City area code) with more detailed information to submit a new complaint."
59656272,2023-12-06T09:20:00.000,2023-12-06T10:20:00.000,DEP,Sewer,Sewer Backup (Use Comments) (SA),11418,QUEENS,40.699788250640204,-73.84338302250201,Closed,The Department of Environmental Protection investigated this complaint and found there was no sewer back up in the city system at the time of the inspection.
59654889,2023-12-06T08:38:00.000,2023-12-06T10:15:00.000,DEP,Sewer,Sewer Backup (Use Comments) (SA),11367,QUEENS,40.724528162323274,-73.82523544332786,Closed,The Department of Environmental Protection has investigated this complaint. Surcharge conditions have been confirmed and attributed to grease. Work was performed to relieve the blockage.
59652142,2023-12-05T12:20:00.000,2023-12-11T09:35:00.000,DEP,Sewer,Catch Basin Clogged/Flooding (Use Comments) (SC),11416,QUEENS,40.691113398321164,-73.83841993829091,Closed,"The Department of Environmental Protection inspected your complaint and cleaned the catch basin or inlet. If the condition returns, please call 311 (or 212-639-9675 if calling from a non-New York City area code) to submit a new complaint."
59659106,2023-12-06T12:50:00.000,2023-12-06T14:00:00.000,DEP,Sewer,Sewer Backup (Use Comments) (SA),11429,QUEENS,40.71178376426878,-73.75305832039373,Closed,The Department of Environmental Protection has investigated this complaint. Surcharge conditions have been confirmed and attributed to grease. Work was performed to relieve the blockage.
59654887,2023-12-06T14:35:00.000,2023-12-06T18:20:00.000,DEP,Sewer,Sewer Backup (Use Comments) (SA),11416,QUEENS,40.68159790411658,-73.86211645831963,Closed,The Department of Environmental Protection investigated this complaint and found there was no sewer back up in the city system at the time of the inspection.
59647998,2023-12-05T06:56:00.000,2023-12-05T10:10:00.000,DEP,Sewer,Sewer Backup (Use Comments) (SA),11435,QUEENS,40.68976854230614,-73.79845893671272,Closed,The Department of Environmental Protection investigated this complaint and found there was no sewer back up in the city system at the time of the inspection.
59650733,2023-12-05T09:53:00.000,2023-12-07T12:35:00.000,DEP,Sewer,Catch Basin Clogged/Flooding (Use Comments) (SC),11427,QUEENS,40.7298665345081,-73.74684313662011,Closed,The Department of Environmental Protection investigated this complaint and resolved it by flushing.
59656265,2023-12-06T15:11:00.000,2023-12-08T09:45:00.000,DEP,Sewer,Catch Basin Clogged/Flooding (Use Comments) (SC),11423,QUEENS,40.71759106486337,-73.77274051614533,Closed,"The Department of Environment Protection inspected your complaint but could not find the problem you reported. If the condition persists, please call 311 (or 212-639-9675 if calling from a non-New York City area code) with more detailed information to submit a new complaint."
59656274,2023-12-06T04:35:00.000,2023-12-06T05:15:00.000,DEP,Sewer,Sewer Odor (SA2),11412,QUEENS,40.69376735859124,-73.75320077703864,Closed,The Department of Environmental Protection investigated this complaint and resolved the issue during a field inspection. The agency flushed the sewer in front of the complainant's address as a courtesy.
59655829,2023-12-06T11:51:34.000,2025-02-27T13:10:39.000,DPR,Root/Sewer/Sidewalk Condition,Trees and Sidewalks Program,11105,QUEENS,40.7717841602566,-73.89801510826712,Closed,"NYC Parks inspected and determined this site does not rate high enough to be repaired by NYC Parks at this time.   We understand conditions may become worse over time. In three years, you may submit a service request via 311, the Parks website, or NYC Tree Map for a new inspection.   You can repair the sidewalk yourself by hiring an independent contractor. The contractor must complete a Tree Work Permit application on the NYC Parks website."
59653576,2023-12-06T09:14:00.000,2023-12-06T12:30:00.000,DEP,Sewer,Sewer Odor (SA2),11378,QUEENS,40.73249219042164,-73.89398713943959,Closed,The Department of Environmental Protection investigated this complaint and found there was no sewer back up in the city system at the time of the inspection.
59652148,2023-12-05T08:20:00.000,2023-12-05T10:50:00.000,DEP,Sewer,Sewer Backup (Use Comments) (SA),11102,QUEENS,40.77073144034437,-73.92053045342863,Closed,"The Department of Environmental Protection has investigated this complaint. Upon investigation, there was no indication of a city sewer issue and there is a suspected sewer backup due to an internal plumbing issue."
59657644,2023-12-06T04:32:00.000,2023-12-06T08:45:00.000,DEP,Sewer,Catch Basin Sunken/Damaged/Raised (SC1),11374,QUEENS,40.73161529208475,-73.86634276298263,Closed,"The Department of Environment Protection inspected your complaint but could not find the problem you reported. If the condition persists, please call 311 (or 212-639-9675 if calling from a non-New York City area code) with more detailed information to submit a new complaint."
59660474,2023-12-06T19:38:00.000,2023-12-06T21:50:00.000,DEP,Sewer,Sewer Backup (Use Comments) (SA),11365,QUEENS,40.73964074219731,-73.78912778139158,Closed,The Department of Environmental Protection has investigated this complaint. Surcharge conditions have been confirmed and attributed to grease. Work was performed to relieve the blockage.
59686864,2023-12-09T13:23:00.000,2023-12-09T13:33:00.000,DEP,Sewer,Catch Basin Clogged/Flooding (Use Comments) (SC),11357,QUEENS,40.774901199007,-73.80388784927992,Closed,"The Department of Environmental Protection has determined that this issue was previously reported by another customer The original complaint is being addressed. If the condition persists, please call 311 (or 212-639-9675 if calling from a non-New York City area code) to submit a new complaint."
59657649,2023-12-06T09:59:00.000,2023-12-06T13:00:00.000,DEP,Sewer,Sewer Backup (Use Comments) (SA),11378,QUEENS,40.71826005001441,-73.9129560640436,Closed,The Department of Environmental Protection investigated this complaint and found there was no sewer back up in the city system at the time of the inspection.
59660059,2023-12-06T11:51:54.000,2024-01-30T22:28:08.000,DPR,Root/Sewer/Sidewalk Condition,Trees and Sidewalks Program,11105,QUEENS,40.7717841602566,-73.89801510826712,Closed,"NYC Parks inspected the requested repair site. This site meets the criteria for repair under the Trees & Sidewalks Program. The timeframe for repair work depends on available funding for the program, the severity of damage, and the other sidewalk requests in the surrounding district."
59653119,2023-12-05T10:35:18.000,2024-02-15T14:43:58.000,DPR,Root/Sewer/Sidewalk Condition,Trees and Sidewalks Program,11420,QUEENS,40.671256727998404,-73.82646010685156,Closed,"NYC Parks inspected the requested repair site. This site meets the criteria for repair under the Trees & Sidewalks Program. The timeframe for repair work depends on available funding for the program, the severity of damage, and the other sidewalk requests in the surrounding district."
59666045,2023-12-07T22:11:00.000,2023-12-08T01:00:00.000,DEP,Sewer,Sewer Backup (Use Comments) (SA),11432,QUEENS,40.708155469915496,-73.79517155984168,Closed,The Department of Environmental Protection investigated this complaint and found there was no sewer back up in the city system at the time of the inspection.
59659108,2023-12-06T17:32:00.000,2023-12-06T21:05:00.000,DEP,Sewer,Sewer Backup (Use Comments) (SA),11433,QUEENS,40.69080668220395,-73.79262495404609,Closed,"The Department of Environmental Protection has investigated this complaint. Upon investigation, there was no indication of a city sewer issue and there is a suspected sewer backup due to an internal plumbing issue."
59661820,2023-12-06T13:41:00.000,2023-12-06T14:35:00.000,DEP,Sewer,Street Flooding (SJ),11357,QUEENS,40.775149844033216,-73.79534821033597,Closed,"The Department of Environment Protection inspected your complaint but could not find the problem you reported. If the condition persists, please call 311 (or 212-639-9675 if calling from a non-New York City area code) with more detailed information to submit a new complaint."
59667104,2023-12-07T11:26:53.000,2024-01-10T19:18:36.000,DPR,Root/Sewer/Sidewalk Condition,Trees and Sidewalks Program,11411,QUEENS,40.68733921187753,-73.73003217323163,Closed,"NYC Parks inspected and determined this site does not rate high enough to be repaired by NYC Parks at this time.   We understand conditions may become worse over time. In three years, you may submit a service request via 311, the Parks website, or NYC Tree Map for a new inspection.   You can repair the sidewalk yourself by hiring an independent contractor. The contractor must complete a Tree Work Permit application on the NYC Parks website."
64295523,2025-03-08T13:46:00.000,2026-03-11T12:23:38.000,DPR,Root/Sewer/Sidewalk Condition,Trees and Sidewalks Program,11417,QUEENS,40.67475580541547,-73.83933200104289,Closed,"NYC Parks inspected and determined this site does not rate high enough to be repaired by NYC Parks at this time.   We understand conditions may become worse over time. In three years, you may submit a service request via 311, the Parks website, or NYC Tree Map for a new inspection.   You can repair the sidewalk yourself by hiring an independent contractor. The contractor must complete a Tree Work Permit application on the NYC Parks website."
59663185,2023-12-06T12:17:00.000,2023-12-06T13:15:00.000,DEP,Sewer,Sewer Backup (Use Comments) (SA),11355,QUEENS,40.75872846210575,-73.81681105284389,Closed,The Department of Environmental Protection investigated this complaint and found there was no sewer back up in the city system at the time of the inspection.
59661814,2023-12-06T02:08:00.000,2023-12-06T07:55:00.000,DEP,Sewer,Catch Basin Grating Missing (SA4),11375,QUEENS,,,Closed,The Department of Environmental Protection investigated this complaint and replaced the damaged or missing catch basin.
59661407,2023-12-06T10:49:01.000,2024-02-06T22:39:41.000,DPR,Root/Sewer/Sidewalk Condition,Trees and Sidewalks Program,11368,QUEENS,40.75108909651283,-73.86853058115146,Closed,"NYC Parks inspected the requested repair site. This site meets the criteria for repair under the Trees & Sidewalks Program. The timeframe for repair work depends on available funding for the program, the severity of damage, and the other sidewalk requests in the surrounding district."
59656267,2023-12-06T12:38:00.000,2023-12-11T11:20:00.000,DEP,Sewer,Catch Basin Clogged/Flooding (Use Comments) (SC),11412,QUEENS,40.68865868138435,-73.76069461800145,Closed,"The Department of Environment Protection inspected your complaint but could not find the problem you reported. If the condition persists, please call 311 (or 212-639-9675 if calling from a non-New York City area code) with more detailed information to submit a new complaint."
59667532,2023-12-07T07:41:00.000,2023-12-07T09:10:00.000,DEP,Sewer,Sewer Backup (Use Comments) (SA),11385,QUEENS,40.70180375836367,-73.91108411113738,Closed,The Department of Environmental Protection investigated this complaint and found there was no sewer back up in the city system at the time of the inspection.
59654885,2023-12-06T10:53:00.000,2023-12-06T13:30:00.000,DEP,Sewer,Catch Basin Sunken/Damaged/Raised (SC1),11385,QUEENS,40.70348859667084,-73.89735137439982,Closed,"The Department of Environment Protection inspected your complaint but could not find the problem you reported. If the condition persists, please call 311 (or 212-639-9675 if calling from a non-New York City area code) with more detailed information to submit a new complaint."
59661406,2023-12-06T13:51:48.000,2024-03-15T11:22:46.000,DPR,Root/Sewer/Sidewalk Condition,Trees and Sidewalks Program,11357,QUEENS,40.78578436514922,-73.82091105115073,Closed,"NYC Parks inspected and determined this site does not rate high enough to be repaired by NYC Parks at this time.   We understand conditions may become worse over time. In three years, you may submit a service request via 311, the Parks website, or NYC Tree Map for a new inspection.   You can repair the sidewalk yourself by hiring an independent contractor. The contractor must complete a Tree Work Permit application on the NYC Parks website."
59667530,2023-12-07T11:56:00.000,2023-12-07T14:35:00.000,DEP,Sewer,Sewer Backup (Use Comments) (SA),11001,QUEENS,40.73493231840122,-73.71248673722828,Closed,"The Department of Environmental Protection has investigated this complaint. Upon investigation, there was no indication of a city sewer issue and there is a suspected sewer backup due to an internal plumbing issue."
59656273,2023-12-06T16:41:00.000,2023-12-06T20:15:00.000,DEP,Sewer,Sewer Backup (Use Comments) (SA),11434,QUEENS,40.68812198066831,-73.77633860072876,Closed,The Department of Environmental Protection investigated this complaint and found there was no sewer back up in the city system at the time of the inspection.
59656268,2023-12-06T12:02:00.000,2023-12-07T11:30:00.000,DEP,Sewer,Catch Basin Clogged/Flooding (Use Comments) (SC),11357,QUEENS,40.775806769539095,-73.80377325479179,Closed,"The Department of Environmental Protection inspected your complaint and cleaned the catch basin or inlet. If the condition returns, please call 311 (or 212-639-9675 if calling from a non-New York City area code) to submit a new complaint."
59664155,2023-12-06T10:49:00.000,2024-03-19T15:41:45.000,DPR,Root/Sewer/Sidewalk Condition,Trees and Sidewalks Program,11417,QUEENS,40.68150131287693,-73.84652666379608,Closed,"NYC Parks inspected and determined this site does not rate high enough to be repaired by NYC Parks at this time.   We understand conditions may become worse over time. In three years, you may submit a service request via 311, the Parks website, or NYC Tree Map for a new inspection.   You can repair the sidewalk yourself by hiring an independent contractor. The contractor must complete a Tree Work Permit application on the NYC Parks website."
59665656,2023-12-07T12:13:40.000,,DPR,Root/Sewer/Sidewalk Condition,Trees and Sidewalks Program,11694,QUEENS,40.56973375442118,-73.8643342467503,In Progress,NYC Parks reviewed this request and will visit the location to investigate the condition.
65598189,2025-07-18T13:20:16.000,2026-03-19T11:34:09.000,DPR,Root/Sewer/Sidewalk Condition,Trees and Sidewalks Program,11413,QUEENS,40.68381584232837,-73.75369551801673,Closed,"NYC Parks inspected and determined this site does not rate high enough to be repaired by NYC Parks at this time.   We understand conditions may become worse over time. In three years, you may submit a service request via 311, the Parks website, or NYC Tree Map for a new inspection.   You can repair the sidewalk yourself by hiring an independent contractor. The contractor must complete a Tree Work Permit application on the NYC Parks website."
59652147,2023-12-05T09:41:00.000,2023-12-05T12:15:00.000,DEP,Sewer,Sewer Backup (Use Comments) (SA),11433,QUEENS,40.693252039282385,-73.79711054507604,Closed,The Department of Environmental Protection has investigated this complaint. Surcharge conditions have been confirmed and attributed to grease. Work was performed to relieve the blockage.
59661817,2023-12-06T10:14:00.000,2023-12-06T12:00:00.000,DEP,Sewer,Sewer Backup (Use Comments) (SA),11419,QUEENS,40.6912576628952,-73.82628544661989,Closed,The Department of Environmental Protection investigated this complaint and found there was no sewer back up in the city system at the time of the inspection.
59663183,2023-12-06T16:02:00.000,2023-12-06T19:50:00.000,DEP,Sewer,Sewer Backup (Use Comments) (SA),11385,QUEENS,40.70464889167055,-73.88495694490572,Closed,The Department of Environmental Protection investigated this complaint and found there was no sewer back up in the city system at the time of the inspection.
59668586,2023-12-07T11:37:19.000,2024-02-20T12:44:28.000,DPR,Root/Sewer/Sidewalk Condition,Trees and Sidewalks Program,11365,QUEENS,40.73789593090838,-73.7911035518677,Closed,"NYC Parks inspected and determined this site does not rate high enough to be repaired by NYC Parks at this time.   We understand conditions may become worse over time. In three years, you may submit a service request via 311, the Parks website, or NYC Tree Map for a new inspection.   You can repair the sidewalk yourself by hiring an independent contractor. The contractor must complete a Tree Work Permit application on the NYC Parks website."
59670505,2023-12-07T12:05:00.000,,DEP,Sewer,Catch Basin Sunken/Damaged/Raised (SC1),11385,QUEENS,40.69639950748596,-73.88635598340055,Started,The Department of Environmental Protection has inspected your complaint and determined that further investigation is required. More information will be available once the condition is resolved. Please visit nyc.gov/311 or call 311 at a later time to check the status of your complaint.
59662788,2023-12-06T11:19:18.000,2024-02-19T21:53:41.000,DPR,Root/Sewer/Sidewalk Condition,Trees and Sidewalks Program,11432,QUEENS,40.72187370910438,-73.78311954424257,Closed,"NYC Parks inspected and determined this site does not rate high enough to be repaired by NYC Parks at this time.   We understand conditions may become worse over time. In three years, you may submit a service request via 311, the Parks website, or NYC Tree Map for a new inspection.   You can repair the sidewalk yourself by hiring an independent contractor. The contractor must complete a Tree Work Permit application on the NYC Parks website."
59677207,2023-12-08T16:32:07.000,2024-02-11T20:08:10.000,DPR,Root/Sewer/Sidewalk Condition,Trees and Sidewalks Program,11374,QUEENS,40.71941289812227,-73.86009377944151,Closed,"NYC Parks inspected and determined this site does not rate high enough to be repaired by NYC Parks at this time.   We understand conditions may become worse over time. In three years, you may submit a service request via 311, the Parks website, or NYC Tree Map for a new inspection.   You can repair the sidewalk yourself by hiring an independent contractor. The contractor must complete a Tree Work Permit application on the NYC Parks website."
59676318,2023-12-08T09:50:00.000,2023-12-08T09:55:00.000,DEP,Sewer,Manhole Overflow (Use Comments) (SA1),11368,QUEENS,40.75553054818381,-73.84261669620673,Closed,"The Department of Environmental Protection has determined that this issue was previously reported by another customer The original complaint is being addressed. If the condition persists, please call 311 (or 212-639-9675 if calling from a non-New York City area code) to submit a new complaint."
59670506,2023-12-07T06:41:00.000,2023-12-07T09:30:00.000,DEP,Sewer,Sewer Backup (Use Comments) (SA),11691,QUEENS,40.603109875352345,-73.755919912341,Closed,"The Department of Environmental Protection has investigated this complaint. Upon investigation, there was no indication of a city sewer issue and there is a suspected sewer backup due to an internal plumbing issue."
59671961,2023-12-07T07:44:00.000,2023-12-07T10:00:00.000,DEP,Sewer,Sewer Backup (Use Comments) (SA),11691,QUEENS,40.606839464199396,-73.7595401230876,Closed,"The Department of Environmental Protection has investigated this complaint. Upon investigation, there was no indication of a city sewer issue and there is a suspected sewer backup due to an internal plumbing issue."
59661405,2023-12-06T10:49:01.000,2024-03-19T15:41:46.000,DPR,Root/Sewer/Sidewalk Condition,Trees and Sidewalks Program,11417,QUEENS,40.68150131287693,-73.84652666379608,Closed,"NYC Parks inspected and determined this site does not rate high enough to be repaired by NYC Parks at this time.   We understand conditions may become worse over time. In three years, you may submit a service request via 311, the Parks website, or NYC Tree Map for a new inspection.   You can repair the sidewalk yourself by hiring an independent contractor. The contractor must complete a Tree Work Permit application on the NYC Parks website."
59670504,2023-12-07T16:47:00.000,2023-12-08T01:40:00.000,DEP,Sewer,Catch Basin Sunken/Damaged/Raised (SC1),11434,QUEENS,40.67479700578015,-73.76309488283403,Closed,"The Department of Environment Protection inspected your complaint but could not find the problem you reported. If the condition persists, please call 311 (or 212-639-9675 if calling from a non-New York City area code) with more detailed information to submit a new complaint."
59673426,2023-12-07T13:35:00.000,2023-12-11T12:10:00.000,DEP,Sewer,Catch Basin Clogged/Flooding (Use Comments) (SC),11433,QUEENS,40.68950595967908,-73.78976591904836,Closed,"The Department of Environmental Protection inspected your complaint and referred it to the Department of Transportation for further action. If the problem persists, please call 311 (or 212-639-9675 if calling from a non-New York City area code) to submit a new complaint."
59676321,2023-12-08T15:35:00.000,2023-12-09T21:23:00.000,DEP,Sewer,Sewer Odor (SA2),11429,QUEENS,40.705502975881416,-73.7439240115632,Closed,"The Department of Environment Protection inspected your complaint but could not find the problem you reported. If the condition persists, please call 311 (or 212-639-9675 if calling from a non-New York City area code) with more detailed information to submit a new complaint."
59661818,2023-12-06T14:11:00.000,2023-12-06T17:40:00.000,DEP,Sewer,Sewer Backup (Use Comments) (SA),11432,QUEENS,40.708155469915496,-73.79517155984168,Closed,The Department of Environmental Protection investigated this complaint and found there was no sewer back up in the city system at the time of the inspection.
59675960,2023-12-07T10:38:07.000,2024-02-09T15:08:46.000,DPR,Root/Sewer/Sidewalk Condition,Trees and Sidewalks Program,11422,QUEENS,40.654247685376,-73.72755679079164,Closed,NYC Parks inspected and determined that the site is ineligible for the Trees and Sidewalks Program because of one or more of the following reasons:  - The property adjacent to the sidewalk is not in Tax Class 1 - The property adjacent to the sidewalk is not owner-occupied - The property adjacent to the sidewalk contains a place of business  You can repair the sidewalk yourself by hiring an independent contractor. The contractor must complete a Tree Work Permit application on the NYC Parks website.
59674892,2023-12-07T15:20:00.000,2023-12-11T10:50:00.000,DEP,Sewer,Catch Basin Clogged/Flooding (Use Comments) (SC),11379,QUEENS,40.72751446124084,-73.88121932838621,Closed,"The Department of Environmental Protection inspected your complaint and cleaned the catch basin or inlet. If the condition returns, please call 311 (or 212-639-9675 if calling from a non-New York City area code) to submit a new complaint."
59671960,2023-12-07T15:32:00.000,2023-12-08T09:00:00.000,DEP,Sewer,Catch Basin Search (SC2),11434,QUEENS,40.6789125831143,-73.7890710392343,Closed,The Department of Environmental Protection (DEP) investigated this request and completed a search of the catch basin.
59677208,2023-12-08T13:14:18.000,2024-01-16T15:25:34.000,DPR,Root/Sewer/Sidewalk Condition,Trees and Sidewalks Program,11358,QUEENS,40.74981884903426,-73.79093262550352,Closed,"NYC Parks inspected the requested repair site. This site meets the criteria for repair under the Trees & Sidewalks Program. The timeframe for repair work depends on available funding for the program, the severity of damage, and the other sidewalk requests in the surrounding district."
59674798,2023-12-07T15:56:00.000,2023-12-18T08:37:00.000,DEP,Sewer,RAIN GARDEN DEBRIS (GIRGD),11374,QUEENS,40.72631060200213,-73.86478758224365,Closed,"NYC DEP investigated and determined the infrastructure required cleaning, which was completed at the time of the inspection."
59673429,2023-12-07T11:35:00.000,2023-12-07T13:35:00.000,DEP,Sewer,Sewer Backup (Use Comments) (SA),11411,QUEENS,40.68733921187753,-73.73003217323163,Closed,The Department of Environmental Protection investigated this complaint and found there was no sewer back up in the city system at the time of the inspection.
59670502,2023-12-07T01:53:00.000,2023-12-08T09:15:00.000,DEP,Sewer,Catch Basin Clogged/Flooding (Use Comments) (SC),11432,QUEENS,40.71929029529797,-73.80262652053008,Closed,"The Department of Environment Protection inspected your complaint but could not find the problem you reported. If the condition persists, please call 311 (or 212-639-9675 if calling from a non-New York City area code) with more detailed information to submit a new complaint."
59674474,2023-12-07T10:58:52.000,2024-02-21T14:40:55.000,DPR,Root/Sewer/Sidewalk Condition,Trees and Sidewalks Program,11414,QUEENS,40.66144773060048,-73.85700746106035,Closed,"NYC Parks inspected the requested repair site. This site meets the criteria for repair under the Trees & Sidewalks Program. The timeframe for repair work depends on available funding for the program, the severity of damage, and the other sidewalk requests in the surrounding district."
59664460,2023-12-06T11:53:00.000,,DEP,Sewer,RAIN GARDEN DEBRIS (GIRGD),11419,QUEENS,40.68513905864408,-73.82059363335794,Open,
59663184,2023-12-06T14:32:00.000,2023-12-06T17:00:00.000,DEP,Sewer,Sewer Backup (Use Comments) (SA),11429,QUEENS,40.70989916511432,-73.73382915475139,Closed,The Department of Environmental Protection has investigated this complaint. Surcharge conditions have been confirmed and attributed to grease. Work was performed to relieve the blockage.
59662789,2023-12-06T10:48:55.000,2024-01-16T08:50:04.000,DPR,Root/Sewer/Sidewalk Condition,Trees and Sidewalks Program,11363,QUEENS,40.77133477166315,-73.74208232804166,Closed,"NYC Parks inspected and determined this site does not rate high enough to be repaired by NYC Parks at this time.   We understand conditions may become worse over time. In three years, you may submit a service request via 311, the Parks website, or NYC Tree Map for a new inspection.   You can repair the sidewalk yourself by hiring an independent contractor. The contractor must complete a Tree Work Permit application on the NYC Parks website."
59664549,2023-12-07T19:14:00.000,2023-12-07T21:00:00.000,DEP,Sewer,Sewer Backup (Use Comments) (SA),11385,QUEENS,40.69776420918941,-73.90514626170375,Closed,The Department of Environmental Protection investigated this complaint and found there was no sewer back up in the city system at the time of the inspection.
59674899,2023-12-07T12:05:00.000,2023-12-07T13:35:00.000,DEP,Sewer,Sewer Backup (Use Comments) (SA),11368,QUEENS,40.75553054818381,-73.84261669620673,Closed,The Department of Environmental Protection investigated this complaint and found there was no sewer back up in the city system at the time of the inspection.
59678934,2023-12-08T14:20:00.000,2023-12-09T11:15:00.000,DEP,Sewer,Street Flooding (SJ),11420,QUEENS,40.66862341401227,-73.8118135960515,Closed,"The Department of Environment Protection inspected your complaint but could not find the problem you reported. If the condition persists, please call 311 (or 212-639-9675 if calling from a non-New York City area code) with more detailed information to submit a new complaint."
59678933,2023-12-08T13:08:00.000,2023-12-08T13:48:00.000,DEP,Sewer,Street Flooding (SJ),11427,QUEENS,40.7298665345081,-73.74684313662011,Closed,"The Department of Environmental Protection has determined that this issue was previously reported by another customer The original complaint is being addressed. If the condition persists, please call 311 (or 212-639-9675 if calling from a non-New York City area code) to submit a new complaint."
59670508,2023-12-07T11:26:00.000,2023-12-07T12:40:00.000,DEP,Sewer,Sewer Backup (Use Comments) (SA),11361,QUEENS,40.766503162464126,-73.7702126320783,Closed,"The Department of Environmental Protection has investigated this complaint. Upon investigation, there was no indication of a city sewer issue and there is a suspected sewer backup due to an internal plumbing issue."
59685530,2023-12-08T20:44:00.000,2023-12-09T09:50:00.000,DEP,Sewer,Culvert Blocked/Needs Cleaning (SE),11375,QUEENS,40.71901129426387,-73.83846413588623,Closed,"The Department of Environment Protection inspected your complaint but could not find the problem you reported. If the condition persists, please call 311 (or 212-639-9675 if calling from a non-New York City area code) with more detailed information to submit a new complaint."
59682493,2023-12-08T07:49:17.000,2024-04-18T14:53:09.000,DPR,Root/Sewer/Sidewalk Condition,Trees and Sidewalks Program,11426,QUEENS,40.73906711375615,-73.72649185660894,Closed,"NYC Parks inspected and determined this site does not rate high enough to be repaired by NYC Parks at this time.   We understand conditions may become worse over time. In three years, you may submit a service request via 311, the Parks website, or NYC Tree Map for a new inspection.   You can repair the sidewalk yourself by hiring an independent contractor. The contractor must complete a Tree Work Permit application on the NYC Parks website."
59678521,2023-12-08T17:42:32.000,2024-02-05T21:40:17.000,DPR,Root/Sewer/Sidewalk Condition,Trees and Sidewalks Program,11101,QUEENS,40.74591801905529,-73.94771009843079,Closed,"NYC Parks inspected and determined this site does not rate high enough to be repaired by NYC Parks at this time.   We understand conditions may become worse over time. In three years, you may submit a service request via 311, the Parks website, or NYC Tree Map for a new inspection.   You can repair the sidewalk yourself by hiring an independent contractor. The contractor must complete a Tree Work Permit application on the NYC Parks website."
59680271,2023-12-08T13:14:00.000,2023-12-17T12:45:00.000,DEP,Sewer,Catch Basin Clogged/Flooding (Use Comments) (SC),11415,QUEENS,40.71231271903573,-73.82623057372126,Closed,"The Department of Environment Protection inspected your complaint but could not find the problem you reported. If the condition persists, please call 311 (or 212-639-9675 if calling from a non-New York City area code) with more detailed information to submit a new complaint."
59673432,2023-12-07T16:47:00.000,2023-12-07T18:55:00.000,DEP,Sewer,Sewer Backup (Use Comments) (SA),11362,QUEENS,40.762113671357,-73.7191486723144,Closed,The Department of Environmental Protection investigated this complaint and found there was no sewer back up in the city system at the time of the inspection.
59676322,2023-12-08T11:11:00.000,2023-12-08T13:40:00.000,DEP,Sewer,Sewer Odor (SA2),11101,QUEENS,40.75238884709425,-73.94494391305291,Closed,"The Department of Environmental Protection has investigated this complaint. Upon investigation, there was no indication of a city sewer issue and there is a suspected sewer backup due to an internal plumbing issue."
59682492,2023-12-08T10:37:59.000,2024-01-11T21:05:08.000,DPR,Root/Sewer/Sidewalk Condition,Trees and Sidewalks Program,11426,QUEENS,40.730078846889654,-73.71774302968251,Closed,"NYC Parks inspected the requested repair site. This site meets the criteria for repair under the Trees & Sidewalks Program. The timeframe for repair work depends on available funding for the program, the severity of damage, and the other sidewalk requests in the surrounding district."
59671966,2023-12-07T13:50:00.000,2023-12-07T17:35:00.000,DEP,Sewer,Sewer Backup (Use Comments) (SA),11416,QUEENS,40.68159790411658,-73.86211645831963,Closed,"The Department of Environmental Protection has investigated this complaint. Upon investigation, there was no indication of a city sewer issue and there is a suspected sewer backup due to an internal plumbing issue."
59674893,2023-12-07T11:56:00.000,2023-12-09T10:15:00.000,DEP,Sewer,Catch Basin Clogged/Flooding (Use Comments) (SC),11378,QUEENS,40.72399599163515,-73.90863009259013,Closed,"The Department of Environment Protection inspected your complaint but could not find the problem you reported. If the condition persists, please call 311 (or 212-639-9675 if calling from a non-New York City area code) with more detailed information to submit a new complaint."
59680272,2023-12-08T11:05:00.000,2023-12-08T11:45:00.000,DEP,Sewer,Catch Basin Search (SC2),11426,QUEENS,40.73302277549545,-73.71949499756153,Closed,The Department of Environmental Protection (DEP) investigated this request and completed a search of the catch basin.
59678927,2023-12-08T07:56:00.000,2023-12-08T13:30:00.000,DEP,Sewer,Catch Basin Clogged/Flooding (Use Comments) (SC),11357,QUEENS,40.78189165554553,-73.80365060655829,Closed,"The Department of Environmental Protection inspected your complaint and cleaned the catch basin or inlet. If the condition returns, please call 311 (or 212-639-9675 if calling from a non-New York City area code) to submit a new complaint."
59683787,2023-12-08T09:02:18.000,2024-01-11T21:05:08.000,DPR,Root/Sewer/Sidewalk Condition,Trees and Sidewalks Program,11004,QUEENS,40.74101624108915,-73.70872187833649,Closed,"NYC Parks inspected the requested repair site. This site meets the criteria for repair under the Trees & Sidewalks Program. The timeframe for repair work depends on available funding for the program, the severity of damage, and the other sidewalk requests in the surrounding district."
59682902,2023-12-08T19:59:00.000,2023-12-08T21:50:00.000,DEP,Sewer,Sewer Backup (Use Comments) (SA),11354,QUEENS,40.75886964114406,-73.83013026118377,Closed,"The Department of Environmental Protection has investigated this complaint. Upon investigation, there was no indication of a city sewer issue and there is a suspected sewer backup due to an internal plumbing issue."
59681588,2023-12-08T11:44:00.000,2023-12-08T13:05:00.000,DEP,Sewer,Sewer Backup (Use Comments) (SA),11420,QUEENS,40.68196003395877,-73.81503171289422,Closed,The Department of Environmental Protection has investigated this complaint. Surcharge conditions have been confirmed and attributed to grease. Work was performed to relieve the blockage.
59681589,2023-12-08T19:50:00.000,2023-12-09T01:45:00.000,DEP,Sewer,Sewer Backup (Use Comments) (SA),11434,QUEENS,40.683495985302194,-73.76615034850482,Closed,The Department of Environmental Protection investigated this complaint and found there was no sewer back up in the city system at the time of the inspection.
59677613,2023-12-08T09:47:00.000,2023-12-08T10:50:00.000,DEP,Sewer,Sewer Backup (Use Comments) (SA),11435,QUEENS,40.69024645762566,-73.80828726700545,Closed,The Department of Environmental Protection investigated this complaint and found there was no sewer back up in the city system at the time of the inspection.
66058044,2025-09-05T16:27:34.000,2026-05-06T14:46:09.000,DPR,Root/Sewer/Sidewalk Condition,Trees and Sidewalks Program,11385,QUEENS,40.710740413403926,-73.86318517820641,Closed,"NYC Parks inspected and determined this site does not rate high enough to be repaired by NYC Parks at this time.   We understand conditions may become worse over time. In three years, you may submit a service request via 311, the Parks website, or NYC Tree Map for a new inspection.   You can repair the sidewalk yourself by hiring an independent contractor. The contractor must complete a Tree Work Permit application on the NYC Parks website."
59682495,2023-12-08T12:04:03.000,2024-01-09T20:10:33.000,DPR,Root/Sewer/Sidewalk Condition,Trees and Sidewalks Program,11422,QUEENS,40.65724553596117,-73.72662548737419,Closed,"NYC Parks inspected the requested repair site. This site meets the criteria for repair under the Trees & Sidewalks Program. The timeframe for repair work depends on available funding for the program, the severity of damage, and the other sidewalk requests in the surrounding district."
59681585,2023-12-08T15:23:00.000,2023-12-13T11:30:00.000,DEP,Sewer,Catch Basin Search (SC2),11004,QUEENS,40.73659392514479,-73.71179756987607,Closed,"The status of this Department of Environmental Protection (DEP) Service Request is not available online. Please call 311 and ask for further assistance with the status. If you are outside of New York City, please call (212) NEW-YORK (212-639-9675)."
59671962,2023-12-07T03:11:00.000,2023-12-07T04:40:00.000,DEP,Sewer,Sewer Backup (Use Comments) (SA),11412,QUEENS,40.69376735859124,-73.75320077703864,Closed,The Department of Environmental Protection investigated this complaint and found there was no sewer back up in the city system at the time of the inspection.
59686868,2023-12-09T16:50:00.000,2023-12-09T20:05:00.000,DEP,Sewer,Manhole Overflow (Use Comments) (SA1),11429,QUEENS,40.71328525018715,-73.73579237172676,Closed,"The Department of Environmental Protection has determined that this issue was previously reported by another customer The original complaint is being addressed. If the condition persists, please call 311 (or 212-639-9675 if calling from a non-New York City area code) with more detailed information to submit a new complaint."
59691822,2023-12-09T04:07:14.000,2024-01-16T15:25:35.000,DPR,Root/Sewer/Sidewalk Condition,Trees and Sidewalks Program,11358,QUEENS,40.75144778700248,-73.78566522989526,Closed,"NYC Parks inspected and determined this site does not rate high enough to be repaired by NYC Parks at this time.   We understand conditions may become worse over time. In three years, you may submit a service request via 311, the Parks website, or NYC Tree Map for a new inspection.   You can repair the sidewalk yourself by hiring an independent contractor. The contractor must complete a Tree Work Permit application on the NYC Parks website."
59691110,2023-12-09T19:05:00.000,2023-12-11T12:50:00.000,DEP,Sewer,Catch Basin Clogged/Flooding (Use Comments) (SC),11414,QUEENS,40.65965221768332,-73.83230399534195,Closed,"The Department of Environment Protection inspected your complaint but could not find the problem you reported. If the condition persists, please call 311 (or 212-639-9675 if calling from a non-New York City area code) with more detailed information to submit a new complaint."
59687968,2023-12-09T15:05:00.000,2023-12-09T18:50:00.000,DEP,Sewer,Sewer Backup (Use Comments) (SA),11375,QUEENS,40.734018345163825,-73.84757479305335,Closed,The Department of Environmental Protection investigated this complaint and found there was no sewer back up in the city system at the time of the inspection.
59687882,2023-12-09T07:05:00.000,2023-12-18T08:38:00.000,DEP,Sewer,RAIN GARDEN DEBRIS (GIRGD),11418,QUEENS,40.69045788683554,-73.84074014747156,Closed,"NYC DEP investigated and determined the infrastructure required cleaning, which was completed at the time of the inspection."
59690077,2023-12-09T08:02:00.000,2023-12-12T08:40:00.000,DEP,Sewer,Catch Basin Clogged/Flooding (Use Comments) (SC),11434,QUEENS,40.66993705104193,-73.77455029919163,Closed,"The Department of Environmental Protection inspected your complaint and cleaned the catch basin or inlet. If the condition returns, please call 311 (or 212-639-9675 if calling from a non-New York City area code) to submit a new complaint."
59692859,2023-12-09T14:10:50.000,2024-01-11T21:05:08.000,DPR,Root/Sewer/Sidewalk Condition,Trees and Sidewalks Program,11004,QUEENS,40.74639003638409,-73.71071941363168,Closed,"NYC Parks inspected the requested repair site. This site meets the criteria for repair under the Trees & Sidewalks Program. The timeframe for repair work depends on available funding for the program, the severity of damage, and the other sidewalk requests in the surrounding district."
59690078,2023-12-09T21:50:00.000,2023-12-11T14:40:00.000,DEP,Sewer,Catch Basin Search (SC2),11105,QUEENS,40.774931509818494,-73.9101632723754,Closed,The Department of Environmental Protection resolved this complaint by speaking to the complainant on the phone.
59692132,2023-12-09T11:56:00.000,2023-12-10T09:00:00.000,DEP,Sewer,Catch Basin Clogged/Flooding (Use Comments) (SC),11357,QUEENS,40.77486453287629,-73.80331027477669,Closed,"The Department of Environmental Protection inspected your complaint and cleaned the catch basin or inlet. If the condition returns, please call 311 (or 212-639-9675 if calling from a non-New York City area code) to submit a new complaint."
59684212,2023-12-08T12:56:00.000,2023-12-08T12:56:00.000,DEP,Sewer,Sewer Backup (Use Comments) (SA),11691,QUEENS,40.60309684692949,-73.75624767204091,Closed,The Department of Environmental Protection has investigated this complaint. Surcharge conditions have been confirmed and is attributed to a defective sewer.
59686870,2023-12-09T09:50:00.000,2023-12-09T10:45:00.000,DEP,Sewer,Sewer Backup (Use Comments) (SA),11411,QUEENS,40.69112250675027,-73.74121344853357,Closed,The Department of Environmental Protection investigated this complaint and found there was no sewer back up in the city system at the time of the inspection.
59691824,2023-12-09T14:16:01.000,2024-01-16T15:25:35.000,DPR,Root/Sewer/Sidewalk Condition,Trees and Sidewalks Program,11358,QUEENS,40.75144778700248,-73.78566522989526,Closed,"NYC Parks inspected and determined this site does not rate high enough to be repaired by NYC Parks at this time.   We understand conditions may become worse over time. In three years, you may submit a service request via 311, the Parks website, or NYC Tree Map for a new inspection.   You can repair the sidewalk yourself by hiring an independent contractor. The contractor must complete a Tree Work Permit application on the NYC Parks website."
59688676,2023-12-09T21:14:38.000,2023-12-11T09:24:17.000,DPR,Root/Sewer/Sidewalk Condition,Affecting Sewer or Foundation,11416,QUEENS,40.68072339986934,-73.85848400903495,Closed,"The Service Request submitted did not have sufficient location or complaint information for NYC Parks to respond.  Please submit a new Service Request with adequate site details, including a full street address and descriptive location information."
59686866,2023-12-09T16:29:00.000,2023-12-11T12:00:00.000,DEP,Sewer,Catch Basin Clogged/Flooding (Use Comments) (SC),11434,QUEENS,40.67912880420419,-73.78429689312085,Closed,"The Department of Environment Protection inspected your complaint but could not find the problem you reported. If the condition persists, please call 311 (or 212-639-9675 if calling from a non-New York City area code) with more detailed information to submit a new complaint."
59682494,2023-12-08T10:30:10.000,2024-01-08T14:46:37.000,DPR,Root/Sewer/Sidewalk Condition,Trees and Sidewalks Program,11413,QUEENS,40.66284794217675,-73.75604735357639,Closed,"NYC Parks inspected the requested repair site. This site meets the criteria for repair under the Trees & Sidewalks Program. The timeframe for repair work depends on available funding for the program, the severity of damage, and the other sidewalk requests in the surrounding district."
59686869,2023-12-09T11:56:00.000,2023-12-09T12:30:00.000,DEP,Sewer,Sewer Backup (Use Comments) (SA),11691,QUEENS,40.596685193742594,-73.75895373777345,Closed,The Department of Environmental Protection investigated this complaint and found there was no sewer back up in the city system at the time of the inspection.
59694216,2023-12-09T07:17:00.000,2023-12-19T11:30:00.000,DEP,Sewer,Culvert Blocked/Needs Cleaning (SE),11422,QUEENS,40.652952747529156,-73.74333285554812,Closed,"The Department of Environment Protection inspected your complaint but could not find the problem you reported. If the condition persists, please call 311 (or 212-639-9675 if calling from a non-New York City area code) with more detailed information to submit a new complaint."
59693192,2023-12-09T12:47:00.000,2023-12-12T12:15:00.000,DEP,Sewer,Catch Basin Clogged/Flooding (Use Comments) (SC),11385,QUEENS,40.69262706926505,-73.90313417892563,Closed,"The Department of Environmental Protection inspected your complaint and cleaned the catch basin or inlet. If the condition returns, please call 311 (or 212-639-9675 if calling from a non-New York City area code) to submit a new complaint."
59682898,2023-12-08T08:14:00.000,2024-01-04T09:35:00.000,DEP,Sewer,Defective/Missing Curb Piece (SC4),11421,QUEENS,40.690151399631574,-73.84544661178239,Closed,"The Department of Environmental Protection inspected your complaint and repaired the problem. If the condition returns, please call 311 (or 212-639-9675 if calling from a non-New York City area code) to submit a new complaint."
59693189,2023-12-09T23:56:00.000,2023-12-12T13:00:00.000,DEP,Sewer,Catch Basin Clogged/Flooding (Use Comments) (SC),11416,QUEENS,40.681522763901974,-73.85030874002211,Closed,"The Department of Environment Protection inspected your complaint but could not find the problem you reported. If the condition persists, please call 311 (or 212-639-9675 if calling from a non-New York City area code) with more detailed information to submit a new complaint."
59691111,2023-12-09T13:41:00.000,2023-12-09T17:00:00.000,DEP,Sewer,Sewer Backup (Use Comments) (SA),11691,QUEENS,40.60309684692949,-73.75624767204091,Closed,"The Department of Environmental Protection has investigated this complaint. Upon investigation, there was no indication of a city sewer issue and there is a suspected sewer backup due to an internal plumbing issue."
59687613,2023-12-09T17:17:15.000,2024-02-21T14:40:55.000,DPR,Root/Sewer/Sidewalk Condition,Trees and Sidewalks Program,11414,QUEENS,40.65835815973571,-73.85134466790964,Closed,"NYC Parks inspected the requested repair site. This site meets the criteria for repair under the Trees & Sidewalks Program. The timeframe for repair work depends on available funding for the program, the severity of damage, and the other sidewalk requests in the surrounding district."
59691041,2023-12-09T06:56:00.000,2023-12-18T08:38:00.000,DEP,Sewer,RAIN GARDEN DEBRIS (GIRGD),11418,QUEENS,40.69240844568144,-73.83807422537427,Closed,"NYC DEP investigated and determined the infrastructure required cleaning, which was completed at the time of the inspection."
59681590,2023-12-08T18:23:00.000,2023-12-09T00:30:00.000,DEP,Sewer,Sewer Backup (Use Comments) (SA),11433,QUEENS,40.70206214716172,-73.778892172505,Closed,The Department of Environmental Protection investigated this complaint and found there was no sewer back up in the city system at the time of the inspection.
59686421,2023-12-08T12:22:43.000,2025-02-18T18:31:14.000,DPR,Root/Sewer/Sidewalk Condition,Trees and Sidewalks Program,11369,QUEENS,40.764640569512515,-73.87154341444896,Closed,"NYC Parks inspected the requested repair site. This site meets the criteria for repair under the Trees & Sidewalks Program. However due to a high number of requests, they are only able to repair the very highest sites at this time, and your site has been waitlisted."
59688987,2023-12-09T18:53:00.000,2023-12-10T11:30:00.000,DEP,Sewer,Catch Basin Clogged/Flooding (Use Comments) (SC),11105,QUEENS,40.77426079030516,-73.89900780679395,Closed,"The Department of Environmental Protection inspected your complaint and cleaned the catch basin or inlet. If the condition returns, please call 311 (or 212-639-9675 if calling from a non-New York City area code) to submit a new complaint."
59688991,2023-12-09T00:29:00.000,2023-12-09T01:00:00.000,DEP,Sewer,Sewer Backup (Use Comments) (SA),11434,QUEENS,40.68415507668336,-73.77881814098939,Closed,"The Department of Environmental Protection has investigated this complaint. Upon investigation, there was no indication of a city sewer issue and there is a suspected sewer backup due to an internal plumbing issue."
59690081,2023-12-09T16:17:00.000,2023-12-09T19:25:00.000,DEP,Sewer,Sewer Backup (Use Comments) (SA),11413,QUEENS,40.681435620710374,-73.73854333664336,Closed,The Department of Environmental Protection investigated this complaint and found there was no sewer back up in the city system at the time of the inspection.
59694148,2023-12-09T07:29:00.000,2023-12-18T08:39:00.000,DEP,Sewer,RAIN GARDEN DEBRIS (GIRGD),11418,QUEENS,40.69140839047049,-73.83739512127487,Closed,"NYC DEP investigated and determined the infrastructure required cleaning, which was completed at the time of the inspection."
59692133,2023-12-09T13:41:00.000,2023-12-09T18:00:00.000,DEP,Sewer,Sewer Backup (Use Comments) (SA),11427,QUEENS,40.72785620560972,-73.74138108365219,Closed,The Department of Environmental Protection investigated this complaint and found there was no sewer back up in the city system at the time of the inspection.
59688990,2023-12-09T10:41:00.000,2023-12-09T13:05:00.000,DEP,Sewer,Catch Basin Clogged/Flooding (Use Comments) (SC),11413,QUEENS,40.67941074405202,-73.74376822300822,Closed,"The Department of Environment Protection inspected your complaint but could not find the problem you reported. If the condition persists, please call 311 (or 212-639-9675 if calling from a non-New York City area code) with more detailed information to submit a new complaint."
59685534,2023-12-08T10:29:00.000,2023-12-08T13:10:00.000,DEP,Sewer,Street Flooding (SJ),11357,QUEENS,40.775149844033216,-73.79534821033597,Closed,"The Department of Environment Protection inspected your complaint but could not find the problem you reported. If the condition persists, please call 311 (or 212-639-9675 if calling from a non-New York City area code) with more detailed information to submit a new complaint."
59702224,2023-12-11T10:56:00.000,2023-12-11T13:00:00.000,DEP,Sewer,Catch Basin Clogged/Flooding (Use Comments) (SC),11354,QUEENS,40.76335684006219,-73.82796732264116,Closed,"The Department of Environment Protection inspected your complaint but could not find the problem you reported. If the condition persists, please call 311 (or 212-639-9675 if calling from a non-New York City area code) with more detailed information to submit a new complaint."
59688992,2023-12-09T20:05:00.000,2023-12-09T20:50:00.000,DEP,Sewer,Sewer Backup (Use Comments) (SA),11411,QUEENS,40.696181596780384,-73.72947706656154,Closed,The Department of Environmental Protection investigated this complaint and found there was no sewer back up in the city system at the time of the inspection.
59697786,2023-12-10T14:50:00.000,2023-12-11T13:35:00.000,DEP,Sewer,Catch Basin Clogged/Flooding (Use Comments) (SC),11378,QUEENS,40.71612198058589,-73.90609772168389,Closed,"The Department of Environment Protection inspected your complaint but could not find the problem you reported. If the condition persists, please call 311 (or 212-639-9675 if calling from a non-New York City area code) with more detailed information to submit a new complaint."
59696141,2023-12-10T11:02:00.000,2023-12-10T12:10:00.000,DEP,Sewer,Sewer Backup (Use Comments) (SA),11358,QUEENS,40.75811017625383,-73.80146831448981,Closed,"The Department of Environmental Protection has investigated this complaint. Upon investigation, there was no indication of a city sewer issue and there is a suspected sewer backup due to an internal plumbing issue."
59693190,2023-12-09T20:38:00.000,2023-12-10T09:45:00.000,DEP,Sewer,Catch Basin Clogged/Flooding (Use Comments) (SC),11358,QUEENS,40.750062463605325,-73.79207957779737,Closed,"The Department of Environmental Protection inspected your complaint and cleaned the catch basin or inlet. If the condition returns, please call 311 (or 212-639-9675 if calling from a non-New York City area code) to submit a new complaint."
59696136,2023-12-10T21:41:00.000,2023-12-11T01:30:00.000,DEP,Sewer,Sewer Backup (Use Comments) (SA),11691,QUEENS,40.603109875352345,-73.755919912341,Closed,The Department of Environmental Protection has investigated this complaint. Surcharge conditions have been confirmed and is attributed to a defective sewer.
59699553,2023-12-10T15:53:00.000,2023-12-11T14:20:00.000,DEP,Sewer,Catch Basin Clogged/Flooding (Use Comments) (SC),11365,QUEENS,40.74081195368199,-73.79170427460762,Closed,The Department of Environmental Protection has investigated this complaint and found that debris was obstructing the catch basin.
59701304,2023-12-10T14:05:00.000,2023-12-18T10:35:00.000,DEP,Sewer,Catch Basin Clogged/Flooding (Use Comments) (SC),11370,QUEENS,40.7573917891453,-73.89613490506643,Closed,"The Department of Environmental Protection inspected your complaint and cleaned the catch basin or inlet. If the condition returns, please call 311 (or 212-639-9675 if calling from a non-New York City area code) to submit a new complaint."
59699554,2023-12-10T15:08:00.000,2023-12-21T12:45:00.000,DEP,Sewer,Catch Basin Clogged/Flooding (Use Comments) (SC),11413,QUEENS,40.66254604060177,-73.75605927100487,Closed,The Department of Environmental Protection has investigated this complaint and found that debris was obstructing the catch basin.
59697788,2023-12-10T13:59:00.000,2023-12-13T13:30:00.000,DEP,Sewer,Catch Basin Clogged/Flooding (Use Comments) (SC),11375,QUEENS,40.720787611364834,-73.85531806309145,Closed,"The Department of Environment Protection inspected your complaint but could not find the problem you reported. If the condition persists, please call 311 (or 212-639-9675 if calling from a non-New York City area code) with more detailed information to submit a new complaint."
59696146,2023-12-10T12:56:00.000,2023-12-10T14:20:00.000,DEP,Sewer,Street Flooding (SJ),11413,QUEENS,40.661716508692315,-73.75577395286071,Closed,"The Department of Environment Protection inspected your complaint but could not find the problem you reported. If the condition persists, please call 311 (or 212-639-9675 if calling from a non-New York City area code) with more detailed information to submit a new complaint."
59700445,2023-12-10T16:20:00.000,2023-12-10T21:45:00.000,DEP,Sewer,Sewer Backup (Use Comments) (SA),11423,QUEENS,40.70998297486421,-73.77295041210127,Closed,The Department of Environmental Protection has investigated this complaint. Surcharge conditions have been confirmed and attributed to grease. Work was performed to relieve the blockage.
59702235,2023-12-11T18:26:00.000,2023-12-11T20:40:00.000,DEP,Sewer,Sewer Backup (Use Comments) (SA),11426,QUEENS,40.72856510129297,-73.71164828448963,Closed,The Department of Environmental Protection investigated this complaint and found there was no sewer back up in the city system at the time of the inspection.
59700423,2023-12-10T14:20:00.000,2023-12-10T15:45:00.000,DEP,Sewer,Highway Flooding (SH),,QUEENS,,,Closed,The Department of Environmental Protection investigated this complaint and resolved the highway flooding.
59702236,2023-12-11T14:05:00.000,2023-12-11T15:20:00.000,DEP,Sewer,Sewer Backup (Use Comments) (SA),11103,QUEENS,40.761887153640515,-73.91197854934747,Closed,"The Department of Environmental Protection has investigated this complaint. Upon investigation, there was no indication of a city sewer issue and there is a suspected sewer backup due to an internal plumbing issue."
59697782,2023-12-10T17:53:00.000,2023-12-15T13:15:00.000,DEP,Sewer,Catch Basin Clogged/Flooding (Use Comments) (SC),11694,QUEENS,40.58356152712794,-73.82173054679785,Closed,"The Department of Environment Protection inspected your complaint but could not find the problem you reported. If the condition persists, please call 311 (or 212-639-9675 if calling from a non-New York City area code) with more detailed information to submit a new complaint."
59687965,2023-12-09T12:23:00.000,2023-12-09T13:30:00.000,DEP,Sewer,Catch Basin Search (SC2),11422,QUEENS,40.666431638147905,-73.72980679463863,Closed,"The Department of Environmental Protection inspected your complaint and cleaned the catch basin or inlet. If the condition returns, please call 311 (or 212-639-9675 if calling from a non-New York City area code) to submit a new complaint."
59700444,2023-12-10T21:53:00.000,2023-12-10T22:17:00.000,DEP,Sewer,Sewer Backup (Use Comments) (SA),11691,QUEENS,40.603109875352345,-73.755919912341,Closed,"The Department of Environmental Protection has determined that this issue was previously reported by another customer The original complaint is being addressed. If the condition persists, please call 311 (or 212-639-9675 if calling from a non-New York City area code) to submit a new complaint."
59696135,2023-12-10T11:35:00.000,2023-12-10T12:35:00.000,DEP,Sewer,Sewer Backup (Use Comments) (SA),11433,QUEENS,40.69738394027171,-73.79305528583401,Closed,"The Department of Environmental Protection has investigated this complaint. Upon investigation, there was no indication of a city sewer issue and there is a suspected sewer backup due to an internal plumbing issue."
59698685,2023-12-10T13:32:00.000,2023-12-11T09:50:00.000,DEP,Sewer,Catch Basin Clogged/Flooding (Use Comments) (SC),11416,QUEENS,40.68356328637723,-73.85994544834973,Closed,"The Department of Environment Protection inspected your complaint but could not find the problem you reported. If the condition persists, please call 311 (or 212-639-9675 if calling from a non-New York City area code) with more detailed information to submit a new complaint."
59702233,2023-12-11T12:35:00.000,2023-12-11T18:35:00.000,DEP,Sewer,Sewer Backup (Use Comments) (SA),11434,QUEENS,40.674290750357684,-73.766528712317,Closed,"The Department of Environmental Protection has investigated this complaint. Upon investigation, there was no indication of a city sewer issue and there is a suspected sewer backup due to an internal plumbing issue."
59701312,2023-12-10T09:41:00.000,2023-12-10T10:10:00.000,DEP,Sewer,Catch Basin Grating Missing (SA4),11418,QUEENS,40.69959902479019,-73.84149730092373,Closed,The Department of Environmental Protection investigated this complaint and resolved the issue with the sewer manhole cover.
59702234,2023-12-11T07:50:00.000,2023-12-11T09:55:00.000,DEP,Sewer,Sewer Backup (Use Comments) (SA),11419,QUEENS,40.694117715385836,-73.8244749244023,Closed,"The Department of Environmental Protection has investigated this complaint. Upon investigation, there was no indication of a city sewer issue and there is a suspected sewer backup due to an internal plumbing issue."
59697785,2023-12-10T14:56:00.000,2023-12-12T12:20:00.000,DEP,Sewer,Catch Basin Clogged/Flooding (Use Comments) (SC),11378,QUEENS,40.73176775867413,-73.89721760760575,Closed,"The Department of Environment Protection inspected your complaint but could not find the problem you reported. If the condition persists, please call 311 (or 212-639-9675 if calling from a non-New York City area code) with more detailed information to submit a new complaint."
59698438,2023-12-10T12:12:34.000,2024-02-26T13:30:54.000,DPR,Root/Sewer/Sidewalk Condition,Trees and Sidewalks Program,11369,QUEENS,40.76313293056052,-73.88104751080486,Closed,"NYC Parks inspected the requested repair site. This site meets the criteria for repair under the Trees & Sidewalks Program. The timeframe for repair work depends on available funding for the program, the severity of damage, and the other sidewalk requests in the surrounding district."
59699567,2023-12-10T13:29:00.000,2023-12-10T15:15:00.000,DEP,Sewer,Street Flooding (SJ),11421,QUEENS,40.69193001539413,-73.85602976589821,Closed,NYC DEP investigated and determined the sewer was temporarily overtaxed due to heavy rain and no further action is required.
59702237,2023-12-11T09:38:00.000,2023-12-11T09:45:00.000,DEP,Sewer,Street Flooding (SJ),11375,QUEENS,40.73400601120391,-73.84862844427364,Closed,"The Department of Environmental Protection has determined that this issue was previously reported by another customer The original complaint is being addressed. If the condition persists, please call 311 (or 212-639-9675 if calling from a non-New York City area code) to submit a new complaint."
59701307,2023-12-10T10:56:00.000,2023-12-10T13:45:00.000,DEP,Sewer,Catch Basin Clogged/Flooding (Use Comments) (SC),11379,QUEENS,40.72337418337173,-73.88274555785655,Closed,"The Department of Environment Protection inspected your complaint but could not find the problem you reported. If the condition persists, please call 311 (or 212-639-9675 if calling from a non-New York City area code) with more detailed information to submit a new complaint."
59697781,2023-12-10T18:23:00.000,2023-12-12T13:10:00.000,DEP,Sewer,Catch Basin Clogged/Flooding (Use Comments) (SC),11362,QUEENS,40.76716262941775,-73.72771582518432,Closed,"The Department of Environment Protection inspected your complaint but could not find the problem you reported. If the condition persists, please call 311 (or 212-639-9675 if calling from a non-New York City area code) with more detailed information to submit a new complaint."
59698687,2023-12-10T20:47:00.000,2023-12-18T08:40:00.000,DEP,Sewer,Culvert Blocked/Needs Cleaning (SE),11001,QUEENS,40.732739390260306,-73.71035290258276,Closed,"The Department of Environment Protection inspected your complaint but could not find the problem you reported. If the condition persists, please call 311 (or 212-639-9675 if calling from a non-New York City area code) with more detailed information to submit a new complaint."
59701299,2023-12-10T16:38:00.000,2023-12-11T12:30:00.000,DEP,Sewer,Catch Basin Clogged/Flooding (Use Comments) (SC),11434,QUEENS,40.67070108569826,-73.77365370642347,Closed,"The Department of Environment Protection inspected your complaint but could not find the problem you reported. If the condition persists, please call 311 (or 212-639-9675 if calling from a non-New York City area code) with more detailed information to submit a new complaint."
59698688,2023-12-10T23:02:00.000,2023-12-11T02:30:00.000,DEP,Sewer,Sewer Backup (Use Comments) (SA),11413,QUEENS,40.685118537592246,-73.7531931249884,Closed,The Department of Environmental Protection investigated this complaint and found there was no sewer back up in the city system at the time of the inspection.
59701319,2023-12-10T12:59:00.000,2023-12-10T22:10:00.000,DEP,Sewer,Sewer Backup (Use Comments) (SA),11411,QUEENS,40.696181596780384,-73.72947706656154,Closed,The Department of Environmental Protection investigated this complaint and found there was no sewer back up in the city system at the time of the inspection.
59695293,2023-12-10T10:50:00.000,2023-12-10T12:05:00.000,DEP,Sewer,Sewer Backup (Use Comments) (SA),11433,QUEENS,40.68976356928274,-73.7865666656238,Closed,The Department of Environmental Protection has investigated this complaint. Surcharge conditions have been confirmed and attributed to grease. Work was performed to relieve the blockage.
59702226,2023-12-11T09:41:00.000,2023-12-14T14:20:00.000,DEP,Sewer,Catch Basin Clogged/Flooding (Use Comments) (SC),11354,QUEENS,40.77564619898126,-73.8442011251963,Closed,"The Department of Environmental Protection inspected your complaint and cleaned the catch basin or inlet. If the condition returns, please call 311 (or 212-639-9675 if calling from a non-New York City area code) to submit a new complaint."
59699555,2023-12-10T13:05:00.000,2023-12-11T14:15:00.000,DEP,Sewer,Catch Basin Clogged/Flooding (Use Comments) (SC),11385,QUEENS,40.70968216220866,-73.89890365833858,Closed,"The Department of Environment Protection inspected your complaint but could not find the problem you reported. If the condition persists, please call 311 (or 212-639-9675 if calling from a non-New York City area code) with more detailed information to submit a new complaint."
59701316,2023-12-10T11:20:00.000,2023-12-10T14:25:00.000,DEP,Sewer,Sewer Backup (Use Comments) (SA),11435,QUEENS,40.685386763193094,-73.80417274599151,Closed,"The Department of Environmental Protection has investigated this complaint. Upon investigation, there was no indication of a city sewer issue and there is a suspected sewer backup due to an internal plumbing issue."
59700438,2023-12-10T15:08:00.000,2023-12-14T09:20:00.000,DEP,Sewer,Catch Basin Clogged/Flooding (Use Comments) (SC),11358,QUEENS,40.769484873470525,-73.79238357292729,Closed,"The Department of Environmental Protection inspected your complaint and cleaned the catch basin or inlet. If the condition returns, please call 311 (or 212-639-9675 if calling from a non-New York City area code) to submit a new complaint."
59702240,2023-12-11T16:20:00.000,2023-12-18T13:20:00.000,DEP,Sewer,Street Flooding (SJ),11413,QUEENS,40.68150146219115,-73.73852865662786,Closed,"The Department of Environment Protection inspected your complaint but could not find the problem you reported. If the condition persists, please call 311 (or 212-639-9675 if calling from a non-New York City area code) with more detailed information to submit a new complaint."
59700443,2023-12-10T06:47:00.000,2023-12-17T13:00:00.000,DEP,Sewer,Culvert Blocked/Needs Cleaning (SE),11435,QUEENS,40.68506014234379,-73.80417731083321,Closed,"The Department of Environment Protection inspected your complaint but could not find the problem you reported. If the condition persists, please call 311 (or 212-639-9675 if calling from a non-New York City area code) with more detailed information to submit a new complaint."
59696144,2023-12-10T15:50:00.000,2023-12-17T23:45:00.000,DEP,Sewer,Street Flooding (SJ),11434,QUEENS,40.669666651128296,-73.76560403934718,Closed,"The Department of Environment Protection inspected your complaint but could not find the problem you reported. If the condition persists, please call 311 (or 212-639-9675 if calling from a non-New York City area code) with more detailed information to submit a new complaint."
59699558,2023-12-10T22:23:00.000,2023-12-11T01:00:00.000,DEP,Sewer,Sewer Backup (Use Comments) (SA),11693,QUEENS,40.584643603524825,-73.81862065977417,Closed,The Department of Environmental Protection has investigated this complaint. Surcharge conditions have been confirmed and attributed to grease. Work was performed to relieve the blockage.
59698683,2023-12-10T20:41:00.000,2023-12-14T07:30:00.000,DEP,Sewer,Catch Basin Clogged/Flooding (Use Comments) (SC),11105,QUEENS,40.777854868162414,-73.90363123591595,Closed,"The Department of Environmental Protection inspected your complaint and cleaned the catch basin or inlet. If the condition returns, please call 311 (or 212-639-9675 if calling from a non-New York City area code) to submit a new complaint."
59698691,2023-12-10T15:41:00.000,2023-12-18T10:05:00.000,DEP,Sewer,Street Flooding (SJ),11691,QUEENS,40.600058867895434,-73.76173238524463,Closed,"The Department of Environment Protection inspected your complaint but could not find the problem you reported. If the condition persists, please call 311 (or 212-639-9675 if calling from a non-New York City area code) with more detailed information to submit a new complaint."
59702228,2023-12-11T07:29:00.000,2023-12-21T08:20:00.000,DEP,Sewer,Catch Basin Clogged/Flooding (Use Comments) (SC),11433,QUEENS,40.69866125409322,-73.77883132376449,Closed,"The Department of Environment Protection inspected your complaint but could not find the problem you reported. If the condition persists, please call 311 (or 212-639-9675 if calling from a non-New York City area code) with more detailed information to submit a new complaint."
59695288,2023-12-10T14:56:00.000,2023-12-21T11:45:00.000,DEP,Sewer,Catch Basin Clogged/Flooding (Use Comments) (SC),11422,QUEENS,40.65336465862854,-73.7471370380578,Closed,"The Department of Environment Protection inspected your complaint but could not find the problem you reported. If the condition persists, please call 311 (or 212-639-9675 if calling from a non-New York City area code) with more detailed information to submit a new complaint."
59701300,2023-12-10T16:35:00.000,2023-12-21T14:00:00.000,DEP,Sewer,Catch Basin Clogged/Flooding (Use Comments) (SC),11426,QUEENS,40.727312307382235,-73.72120033842701,Closed,"The Department of Environment Protection inspected your complaint but could not find the problem you reported. If the condition persists, please call 311 (or 212-639-9675 if calling from a non-New York City area code) with more detailed information to submit a new complaint."
59702222,2023-12-11T12:47:00.000,2023-12-11T14:55:00.000,DEP,Sewer,Catch Basin Clogged/Flooding (Use Comments) (SC),11375,QUEENS,40.73459422538652,-73.84926578237776,Closed,"The Department of Environment Protection inspected your complaint but could not find the problem you reported. If the condition persists, please call 311 (or 212-639-9675 if calling from a non-New York City area code) with more detailed information to submit a new complaint."
59695294,2023-12-10T22:02:00.000,2023-12-11T06:25:00.000,DEP,Sewer,Sewer Backup (Use Comments) (SA),11421,QUEENS,40.69720199833933,-73.85545219145295,Closed,The Department of Environmental Protection investigated this complaint and found there was no sewer back up in the city system at the time of the inspection.
59699564,2023-12-10T16:20:00.000,2023-12-18T10:35:00.000,DEP,Sewer,Street Flooding (SJ),11434,QUEENS,40.66957370319424,-73.77542389348991,Closed,"The Department of Environment Protection inspected your complaint but could not find the problem you reported. If the condition persists, please call 311 (or 212-639-9675 if calling from a non-New York City area code) with more detailed information to submit a new complaint."
59697793,2023-12-10T14:53:00.000,2023-12-10T22:50:00.000,DEP,Sewer,Sewer Backup (Use Comments) (SA),11422,QUEENS,40.65562897778231,-73.72783587137997,Closed,The Department of Environmental Protection investigated this complaint and found there was no sewer back up in the city system at the time of the inspection.
59695286,2023-12-10T19:11:00.000,2023-12-19T12:10:00.000,DEP,Sewer,Catch Basin Clogged/Flooding (Use Comments) (SC),11433,QUEENS,40.69604619478225,-73.77777615500864,Closed,"The Department of Environment Protection inspected your complaint but could not find the problem you reported. If the condition persists, please call 311 (or 212-639-9675 if calling from a non-New York City area code) with more detailed information to submit a new complaint."
59696123,2023-12-10T07:38:00.000,2023-12-10T07:58:00.000,DEP,Sewer,Catch Basin Clogged/Flooding (Use Comments) (SC),11694,QUEENS,40.57661726577979,-73.85938134731268,Closed,"The Department of Environmental Protection has determined that this issue was previously reported by another customer The original complaint is being addressed. If the condition persists, please call 311 (or 212-639-9675 if calling from a non-New York City area code) to submit a new complaint."
59696134,2023-12-10T12:26:00.000,2023-12-10T13:35:00.000,DEP,Sewer,Sewer Backup (Use Comments) (SA),11433,QUEENS,40.68937831832121,-73.78603783321783,Closed,The Department of Environmental Protection has investigated this complaint. Surcharge conditions have been confirmed and attributed to grease. Work was performed to relieve the blockage.
59695287,2023-12-10T15:08:00.000,2023-12-12T11:40:00.000,DEP,Sewer,Catch Basin Clogged/Flooding (Use Comments) (SC),11385,QUEENS,40.69410973191651,-73.89736220767836,Closed,"The Department of Environment Protection inspected your complaint but could not find the problem you reported. If the condition persists, please call 311 (or 212-639-9675 if calling from a non-New York City area code) with more detailed information to submit a new complaint."
59699562,2023-12-10T13:32:00.000,2023-12-10T22:25:00.000,DEP,Sewer,Sewer Odor (SA2),11411,QUEENS,40.696876713160414,-73.73211766402437,Closed,"The Department of Environment Protection inspected your complaint but could not find the problem you reported. If the condition persists, please call 311 (or 212-639-9675 if calling from a non-New York City area code) with more detailed information to submit a new complaint."
59699557,2023-12-10T21:59:00.000,2023-12-10T22:19:00.000,DEP,Sewer,Sewer Backup (Use Comments) (SA),11691,QUEENS,40.603109875352345,-73.755919912341,Closed,"The Department of Environmental Protection has determined that this issue was previously reported by another customer The original complaint is being addressed. If the condition persists, please call 311 (or 212-639-9675 if calling from a non-New York City area code) to submit a new complaint."
59699311,2023-12-10T10:28:31.000,2024-01-26T14:55:54.000,DPR,Root/Sewer/Sidewalk Condition,Trees and Sidewalks Program,11434,QUEENS,40.68862662278943,-73.78040791085765,Closed,"NYC Parks inspected and determined this site does not rate high enough to be repaired by NYC Parks at this time.   We understand conditions may become worse over time. In three years, you may submit a service request via 311, the Parks website, or NYC Tree Map for a new inspection.   You can repair the sidewalk yourself by hiring an independent contractor. The contractor must complete a Tree Work Permit application on the NYC Parks website."
59699308,2023-12-10T09:36:30.000,2024-02-08T15:50:42.000,DPR,Root/Sewer/Sidewalk Condition,Trees and Sidewalks Program,11385,QUEENS,40.707341112521114,-73.90235535878696,Closed,NYC Parks inspected and determined that the site is ineligible for the Trees and Sidewalks Program because of one or more of the following reasons:  - The property adjacent to the sidewalk is not in Tax Class 1 - The property adjacent to the sidewalk is not owner-occupied - The property adjacent to the sidewalk contains a place of business  You can repair the sidewalk yourself by hiring an independent contractor. The contractor must complete a Tree Work Permit application on the NYC Parks website.
59701320,2023-12-10T21:23:00.000,2023-12-10T22:03:00.000,DEP,Sewer,Street Flooding (SJ),11434,QUEENS,40.66957915050623,-73.77540224623476,Closed,"The Department of Environmental Protection has determined that this issue was previously reported by another customer The original complaint is being addressed. If the condition persists, please call 311 (or 212-639-9675 if calling from a non-New York City area code) to submit a new complaint."
59710422,2023-12-11T15:20:00.000,2023-12-12T09:30:00.000,DEP,Sewer,Catch Basin Clogged/Flooding (Use Comments) (SC),11423,QUEENS,40.71182638185244,-73.76691666156188,Closed,"The Department of Environment Protection inspected your complaint but could not find the problem you reported. If the condition persists, please call 311 (or 212-639-9675 if calling from a non-New York City area code) with more detailed information to submit a new complaint."
66203120,2025-09-19T11:33:37.000,2026-03-19T09:46:03.000,DPR,Root/Sewer/Sidewalk Condition,Trees and Sidewalks Program,11434,QUEENS,40.671367301786894,-73.76371629607364,Closed,"NYC Parks inspected and determined this site does not rate high enough to be repaired by NYC Parks at this time.   We understand conditions may become worse over time. In three years, you may submit a service request via 311, the Parks website, or NYC Tree Map for a new inspection.   You can repair the sidewalk yourself by hiring an independent contractor. The contractor must complete a Tree Work Permit application on the NYC Parks website."
59710427,2023-12-11T08:20:00.000,2023-12-11T14:00:00.000,DEP,Sewer,Catch Basin Clogged/Flooding (Use Comments) (SC),11385,QUEENS,40.710262640724345,-73.9178179344332,Closed,"The Department of Environment Protection inspected your complaint but could not find the problem you reported. If the condition persists, please call 311 (or 212-639-9675 if calling from a non-New York City area code) with more detailed information to submit a new complaint."
59710424,2023-12-11T13:26:00.000,2023-12-20T12:50:00.000,DEP,Sewer,Catch Basin Clogged/Flooding (Use Comments) (SC),11691,QUEENS,40.609605501505605,-73.74893070165409,Closed,"The Department of Environment Protection inspected your complaint but could not find the problem you reported. If the condition persists, please call 311 (or 212-639-9675 if calling from a non-New York City area code) with more detailed information to submit a new complaint."
59701303,2023-12-10T14:11:00.000,2023-12-12T10:15:00.000,DEP,Sewer,Catch Basin Clogged/Flooding (Use Comments) (SC),11372,QUEENS,40.74994036838055,-73.88244976629946,Closed,The Department of Environmental Protection investigated this complaint and resolved it by flushing.
59703277,2023-12-11T11:09:25.000,2024-02-06T22:39:41.000,DPR,Root/Sewer/Sidewalk Condition,Trees and Sidewalks Program,11373,QUEENS,40.73236899415386,-73.8751380618795,Closed,"NYC Parks inspected the requested repair site. This site meets the criteria for repair under the Trees & Sidewalks Program. The timeframe for repair work depends on available funding for the program, the severity of damage, and the other sidewalk requests in the surrounding district."
59697784,2023-12-10T15:05:00.000,2023-12-11T10:20:00.000,DEP,Sewer,Catch Basin Clogged/Flooding (Use Comments) (SC),11101,QUEENS,40.75141069785039,-73.93756383366274,Closed,The Department of Environmental Protection has investigated this complaint and has performed repair work.
59699550,2023-12-10T17:53:00.000,2023-12-10T18:01:00.000,DEP,Sewer,Catch Basin Clogged/Flooding (Use Comments) (SC),11694,QUEENS,40.58349589769626,-73.82188912937916,Closed,"The Department of Environmental Protection has determined that this issue was previously reported by another customer The original complaint is being addressed. If the condition persists, please call 311 (or 212-639-9675 if calling from a non-New York City area code) to submit a new complaint."
59703667,2023-12-11T07:17:00.000,2023-12-18T12:40:00.000,DEP,Sewer,Street Flooding (SJ),11422,QUEENS,40.65833302028211,-73.7268553049825,Closed,"The Department of Environment Protection inspected your complaint but could not find the problem you reported. If the condition persists, please call 311 (or 212-639-9675 if calling from a non-New York City area code) with more detailed information to submit a new complaint."
59710421,2023-12-11T16:26:00.000,2023-12-21T12:15:00.000,DEP,Sewer,Catch Basin Clogged/Flooding (Use Comments) (SC),11413,QUEENS,40.65605454418965,-73.75217617391819,Closed,"The Department of Environment Protection inspected your complaint but could not find the problem you reported. If the condition persists, please call 311 (or 212-639-9675 if calling from a non-New York City area code) with more detailed information to submit a new complaint."
59709105,2023-12-11T10:50:00.000,2023-12-12T01:50:00.000,DEP,Sewer,Sewer Backup (Use Comments) (SA),11433,QUEENS,40.68937831832121,-73.78603783321783,Closed,The Department of Environmental Protection has investigated this complaint. Surcharge conditions have been confirmed and attributed to grease. Work was performed to relieve the blockage.
59706034,2023-12-11T09:52:52.000,2024-01-25T14:50:38.000,DPR,Root/Sewer/Sidewalk Condition,Trees and Sidewalks Program,11433,QUEENS,40.69268382187887,-73.79399302696254,Closed,"NYC Parks inspected and determined this site does not rate high enough to be repaired by NYC Parks at this time.   We understand conditions may become worse over time. In three years, you may submit a service request via 311, the Parks website, or NYC Tree Map for a new inspection.   You can repair the sidewalk yourself by hiring an independent contractor. The contractor must complete a Tree Work Permit application on the NYC Parks website."
59706417,2023-12-11T12:17:00.000,2023-12-11T13:10:00.000,DEP,Sewer,Catch Basin Clogged/Flooding (Use Comments) (SC),11368,QUEENS,40.74859896020568,-73.85430486347455,Closed,The Department of Environmental Protection resolved this complaint by speaking to the complainant on the phone.
59703656,2023-12-11T12:08:00.000,2023-12-14T09:10:00.000,DEP,Sewer,Catch Basin Clogged/Flooding (Use Comments) (SC),11361,QUEENS,40.76265611707739,-73.75866714014386,Closed,"The Department of Environmental Protection inspected your complaint and cleaned the catch basin or inlet. If the condition returns, please call 311 (or 212-639-9675 if calling from a non-New York City area code) to submit a new complaint."
59701306,2023-12-10T13:05:00.000,2023-12-12T13:20:00.000,DEP,Sewer,Catch Basin Clogged/Flooding (Use Comments) (SC),11385,QUEENS,40.70962208210422,-73.89616244840524,Closed,"The Department of Environment Protection inspected your complaint but could not find the problem you reported. If the condition persists, please call 311 (or 212-639-9675 if calling from a non-New York City area code) with more detailed information to submit a new complaint."
59707700,2023-12-11T07:05:00.000,2023-12-12T12:00:00.000,DEP,Sewer,Catch Basin Clogged/Flooding (Use Comments) (SC),11434,QUEENS,40.672068188878164,-73.77798222091968,Closed,"The Department of Environment Protection inspected your complaint but could not find the problem you reported. If the condition persists, please call 311 (or 212-639-9675 if calling from a non-New York City area code) with more detailed information to submit a new complaint."
59703651,2023-12-11T16:08:00.000,2023-12-12T11:55:00.000,DEP,Sewer,Catch Basin Clogged/Flooding (Use Comments) (SC),11385,QUEENS,40.695318064748214,-73.88916705787128,Closed,"The Department of Environment Protection inspected your complaint but could not find the problem you reported. If the condition persists, please call 311 (or 212-639-9675 if calling from a non-New York City area code) with more detailed information to submit a new complaint."
59699309,2023-12-10T14:48:14.000,2024-01-17T22:18:13.000,DPR,Root/Sewer/Sidewalk Condition,Trees and Sidewalks Program,11361,QUEENS,40.75626747900495,-73.76859117664209,Closed,"NYC Parks inspected and determined this site does not rate high enough to be repaired by NYC Parks at this time.   We understand conditions may become worse over time. In three years, you may submit a service request via 311, the Parks website, or NYC Tree Map for a new inspection.   You can repair the sidewalk yourself by hiring an independent contractor. The contractor must complete a Tree Work Permit application on the NYC Parks website."
59701298,2023-12-10T22:11:00.000,2023-12-14T12:50:00.000,DEP,Sewer,Catch Basin Clogged/Flooding (Use Comments) (SC),11364,QUEENS,40.73383996513569,-73.75786943236567,Closed,"The Department of Environmental Protection inspected your complaint and cleaned the catch basin or inlet. If the condition returns, please call 311 (or 212-639-9675 if calling from a non-New York City area code) to submit a new complaint."
59703274,2023-12-11T15:11:48.000,2024-03-21T15:40:56.000,DPR,Root/Sewer/Sidewalk Condition,Trees and Sidewalks Program,11429,QUEENS,40.70616067121698,-73.74842637882529,Closed,"NYC Parks inspected and determined this site does not rate high enough to be repaired by NYC Parks at this time.   We understand conditions may become worse over time. In three years, you may submit a service request via 311, the Parks website, or NYC Tree Map for a new inspection.   You can repair the sidewalk yourself by hiring an independent contractor. The contractor must complete a Tree Work Permit application on the NYC Parks website."
59710419,2023-12-11T16:44:00.000,2023-12-12T10:40:00.000,DEP,Sewer,Catch Basin Clogged/Flooding (Use Comments) (SC),11432,QUEENS,40.72063169383668,-73.805385952348,Closed,The Department of Environmental Protection has investigated this complaint and found that debris was obstructing the catch basin.
59707701,2023-12-11T21:41:00.000,2023-12-12T14:25:00.000,DEP,Sewer,Catch Basin Search (SC2),11432,QUEENS,40.70726395678041,-73.78938529670329,Closed,The Department of Environmental Protection (DEP) investigated this request and completed a search of the catch basin.
59710432,2023-12-11T09:32:00.000,2023-12-11T13:25:00.000,DEP,Sewer,Sewer Backup (Use Comments) (SA),11432,QUEENS,40.7114251038754,-73.78497151003901,Closed,The Department of Environmental Protection has investigated this complaint. Surcharge conditions have been confirmed and attributed to grease. Work was performed to relieve the blockage.
59696143,2023-12-10T16:47:00.000,2023-12-11T05:15:00.000,DEP,Sewer,Street Flooding (SJ),11364,QUEENS,40.75141465420078,-73.76854306787168,Closed,NYC DEP investigated and determined the sewer or catchbasin was overtaxed due to heavy rain and no further action is required.
59710426,2023-12-11T10:08:00.000,2023-12-21T08:40:00.000,DEP,Sewer,Catch Basin Clogged/Flooding (Use Comments) (SC),11692,QUEENS,40.59076770223067,-73.80224667648864,Closed,"The Department of Environment Protection inspected your complaint but could not find the problem you reported. If the condition persists, please call 311 (or 212-639-9675 if calling from a non-New York City area code) with more detailed information to submit a new complaint."
59703662,2023-12-11T09:50:00.000,2023-12-11T11:45:00.000,DEP,Sewer,Sewer Backup (Use Comments) (SA),11418,QUEENS,40.69851379581057,-73.8427368684772,Closed,"The Department of Environmental Protection has investigated this complaint. Upon investigation, there was no indication of a city sewer issue and there is a suspected sewer backup due to an internal plumbing issue."
59707698,2023-12-11T08:56:00.000,2023-12-11T12:30:00.000,DEP,Sewer,Catch Basin Clogged/Flooding (Use Comments) (SC),11378,QUEENS,40.73203551572855,-73.89584969121422,Closed,"The Department of Environmental Protection inspected your complaint and cleaned the catch basin or inlet. If the condition returns, please call 311 (or 212-639-9675 if calling from a non-New York City area code) to submit a new complaint."
59707324,2023-12-11T12:17:53.000,2024-01-08T14:46:37.000,DPR,Root/Sewer/Sidewalk Condition,Trees and Sidewalks Program,11413,QUEENS,40.660585995531015,-73.7585354081182,Closed,"NYC Parks inspected the requested repair site. This site meets the criteria for repair under the Trees & Sidewalks Program. The timeframe for repair work depends on available funding for the program, the severity of damage, and the other sidewalk requests in the surrounding district."
59700439,2023-12-10T13:20:00.000,2023-12-10T14:30:00.000,DEP,Sewer,Catch Basin Clogged/Flooding (Use Comments) (SC),11385,QUEENS,40.7057339712009,-73.89448775242246,Closed,"The Department of Environmental Protection inspected your complaint and cleaned the catch basin or inlet. If the condition returns, please call 311 (or 212-639-9675 if calling from a non-New York City area code) to submit a new complaint."
59703659,2023-12-11T17:02:00.000,2023-12-12T09:30:00.000,DEP,Sewer,Culvert Blocked/Needs Cleaning (SE),11101,QUEENS,40.73875380429921,-73.94116259338374,Closed,"The Department of Environment Protection inspected your complaint but could not find the problem you reported. If the condition persists, please call 311 (or 212-639-9675 if calling from a non-New York City area code) with more detailed information to submit a new complaint."
59710439,2023-12-11T08:14:00.000,2023-12-18T13:55:00.000,DEP,Sewer,Street Flooding (SJ),11429,QUEENS,40.7173210602279,-73.73147634549173,Closed,"The Department of Environment Protection inspected your complaint but could not find the problem you reported. If the condition persists, please call 311 (or 212-639-9675 if calling from a non-New York City area code) with more detailed information to submit a new complaint."
59706419,2023-12-11T08:29:00.000,2023-12-11T08:50:00.000,DEP,Sewer,Catch Basin Clogged/Flooding (Use Comments) (SC),11365,QUEENS,40.734329473307184,-73.79667154569928,Closed,The Department of Environmental Protection resolved this complaint by speaking to the complainant on the phone.
66297339,2025-09-27T09:09:09.000,2026-03-19T09:46:04.000,DPR,Root/Sewer/Sidewalk Condition,Trees and Sidewalks Program,11413,QUEENS,40.67033591469913,-73.76269977416779,Closed,"NYC Parks inspected and determined this site does not rate high enough to be repaired by NYC Parks at this time.   We understand conditions may become worse over time. In three years, you may submit a service request via 311, the Parks website, or NYC Tree Map for a new inspection.   You can repair the sidewalk yourself by hiring an independent contractor. The contractor must complete a Tree Work Permit application on the NYC Parks website."
59709101,2023-12-11T23:23:00.000,2023-12-12T00:45:00.000,DEP,Sewer,Sewer Backup (Use Comments) (SA),11413,QUEENS,40.674992466080056,-73.7580975016559,Closed,The Department of Environmental Protection investigated this complaint and found there was no sewer back up in the city system at the time of the inspection.
59707709,2023-12-11T11:38:00.000,2023-12-11T16:40:00.000,DEP,Sewer,Sewer Backup (Use Comments) (SA),11434,QUEENS,40.68651633641318,-73.78208792095086,Closed,The Department of Environmental Protection investigated this complaint and found there was no sewer back up in the city system at the time of the inspection.
59709104,2023-12-11T11:47:00.000,2023-12-11T13:20:00.000,DEP,Sewer,Sewer Backup (Use Comments) (SA),11435,QUEENS,40.71165734422373,-73.81262994434509,Closed,The Department of Environmental Protection investigated this complaint and found there was no sewer back up in the city system at the time of the inspection.
64787503,2025-04-28T09:12:13.000,2026-03-11T12:23:39.000,DPR,Root/Sewer/Sidewalk Condition,Trees and Sidewalks Program,11420,QUEENS,40.68056241300348,-73.82704520465276,Closed,"NYC Parks inspected and determined this site does not rate high enough to be repaired by NYC Parks at this time.   We understand conditions may become worse over time. In three years, you may submit a service request via 311, the Parks website, or NYC Tree Map for a new inspection.   You can repair the sidewalk yourself by hiring an independent contractor. The contractor must complete a Tree Work Permit application on the NYC Parks website."
59695292,2023-12-10T21:50:00.000,2023-12-10T23:10:00.000,DEP,Sewer,Manhole Cover Missing (Emergency) (SA3),11422,QUEENS,40.65621222233214,-73.7464414657166,Closed,The Department of Environmental Protection investigated this complaint and resolved the issue with the sewer manhole cover.
59703655,2023-12-11T12:14:00.000,2023-12-11T13:10:00.000,DEP,Sewer,Catch Basin Clogged/Flooding (Use Comments) (SC),11368,QUEENS,40.748607199004084,-73.85430845454465,Closed,The Department of Environmental Protection resolved this complaint by speaking to the complainant on the phone.
59706033,2023-12-11T13:20:57.000,2024-01-30T08:50:23.000,DPR,Root/Sewer/Sidewalk Condition,Trees and Sidewalks Program,11434,QUEENS,40.681173395595344,-73.76590250641246,Closed,"NYC Parks inspected the requested repair site. This site meets the criteria for repair under the Trees & Sidewalks Program. The timeframe for repair work depends on available funding for the program, the severity of damage, and the other sidewalk requests in the surrounding district."
59706433,2023-12-11T10:44:00.000,2023-12-17T23:25:00.000,DEP,Sewer,Street Flooding (SJ),11434,QUEENS,,,Closed,"The Department of Environment Protection inspected your complaint but could not find the problem you reported. If the condition persists, please call 311 (or 212-639-9675 if calling from a non-New York City area code) with more detailed information to submit a new complaint."
59703658,2023-12-11T07:50:00.000,2023-12-11T10:53:00.000,DEP,Sewer,Culvert Blocked/Needs Cleaning (SE),11004,QUEENS,40.740686782761706,-73.707604629609,Closed,"The Department of Environmental Protection has determined that this issue was previously reported by another customer The original complaint is being addressed. If the condition persists, please call 311 (or 212-639-9675 if calling from a non-New York City area code) to submit a new complaint."
59703275,2023-12-11T14:30:45.000,2024-01-13T00:11:47.000,DPR,Root/Sewer/Sidewalk Condition,Trees and Sidewalks Program,11363,QUEENS,40.77800490645332,-73.74972921301705,Closed,"NYC Parks inspected the requested repair site. This site meets the criteria for repair under the Trees & Sidewalks Program. The timeframe for repair work depends on available funding for the program, the severity of damage, and the other sidewalk requests in the surrounding district."
59699556,2023-12-10T07:35:00.000,2023-12-15T12:35:00.000,DEP,Sewer,Catch Basin Clogged/Flooding (Use Comments) (SC),11694,QUEENS,40.57661726577979,-73.85938134731268,Closed,"The Department of Environment Protection inspected your complaint but could not find the problem you reported. If the condition persists, please call 311 (or 212-639-9675 if calling from a non-New York City area code) with more detailed information to submit a new complaint."
59711430,2023-12-11T17:43:36.000,2024-02-22T13:37:26.000,DPR,Root/Sewer/Sidewalk Condition,Trees and Sidewalks Program,11355,QUEENS,40.74070824143644,-73.8128297220892,Closed,"NYC Parks inspected and determined this site does not rate high enough to be repaired by NYC Parks at this time.   We understand conditions may become worse over time. In three years, you may submit a service request via 311, the Parks website, or NYC Tree Map for a new inspection.   You can repair the sidewalk yourself by hiring an independent contractor. The contractor must complete a Tree Work Permit application on the NYC Parks website."
59695285,2023-12-10T21:17:00.000,2023-12-13T11:20:00.000,DEP,Sewer,Catch Basin Clogged/Flooding (Use Comments) (SC),11691,QUEENS,40.59966990630879,-73.75173726780959,Closed,"The Department of Environment Protection inspected your complaint but could not find the problem you reported. If the condition persists, please call 311 (or 212-639-9675 if calling from a non-New York City area code) with more detailed information to submit a new complaint."
59707706,2023-12-11T15:26:00.000,2023-12-11T17:25:00.000,DEP,Sewer,Sewer Backup (Use Comments) (SA),11691,QUEENS,40.596357948673315,-73.77072615371928,Closed,The Department of Environmental Protection has investigated this complaint. Surcharge conditions have been confirmed and attributed to grease. Work was performed to relieve the blockage.
59701962,2023-12-10T14:30:02.000,2024-01-17T22:18:13.000,DPR,Root/Sewer/Sidewalk Condition,Trees and Sidewalks Program,11364,QUEENS,40.749121432101504,-73.76115954895072,Closed,"NYC Parks inspected the requested repair site. This site meets the criteria for repair under the Trees & Sidewalks Program. The timeframe for repair work depends on available funding for the program, the severity of damage, and the other sidewalk requests in the surrounding district."
59709108,2023-12-11T07:44:00.000,2023-12-18T13:00:00.000,DEP,Sewer,Street Flooding (SJ),11413,QUEENS,40.68092449736275,-73.75064157745977,Closed,"The Department of Environment Protection inspected your complaint but could not find the problem you reported. If the condition persists, please call 311 (or 212-639-9675 if calling from a non-New York City area code) with more detailed information to submit a new complaint."
59711427,2023-12-11T11:02:35.000,2024-02-06T22:39:41.000,DPR,Root/Sewer/Sidewalk Condition,Trees and Sidewalks Program,11373,QUEENS,40.73236899415386,-73.8751380618795,Closed,"NYC Parks inspected the requested repair site. This site meets the criteria for repair under the Trees & Sidewalks Program. The timeframe for repair work depends on available funding for the program, the severity of damage, and the other sidewalk requests in the surrounding district."
59703654,2023-12-11T12:56:00.000,2023-12-15T11:45:00.000,DEP,Sewer,Catch Basin Clogged/Flooding (Use Comments) (SC),11357,QUEENS,40.78342102875601,-73.81390849897055,Closed,"The Department of Environmental Protection inspected your complaint and cleaned the catch basin or inlet. If the condition returns, please call 311 (or 212-639-9675 if calling from a non-New York City area code) to submit a new complaint."
59710423,2023-12-11T14:35:00.000,2023-12-14T11:55:00.000,DEP,Sewer,Catch Basin Clogged/Flooding (Use Comments) (SC),11423,QUEENS,40.71991379106529,-73.76219135733415,Closed,"The Department of Environmental Protection inspected your complaint and cleaned the catch basin or inlet. If the condition returns, please call 311 (or 212-639-9675 if calling from a non-New York City area code) to submit a new complaint."
59709102,2023-12-11T15:02:00.000,2023-12-11T16:35:00.000,DEP,Sewer,Sewer Backup (Use Comments) (SA),11413,QUEENS,40.66476381378003,-73.76394514767394,Closed,The Department of Environmental Protection investigated this complaint and found there was no sewer back up in the city system at the time of the inspection.
59696139,2023-12-10T14:59:00.000,2023-12-10T21:35:00.000,DEP,Sewer,Sewer Backup (Use Comments) (SA),11365,QUEENS,40.732783853326396,-73.78886803830503,Closed,The Department of Environmental Protection investigated this complaint and found there was no sewer back up in the city system at the time of the inspection.
59706427,2023-12-11T13:26:00.000,2023-12-11T14:20:00.000,DEP,Sewer,Sewer Backup (Use Comments) (SA),11355,QUEENS,40.75890653636252,-73.80982950068476,Closed,The Department of Environmental Protection investigated this complaint and found there was no sewer back up in the city system at the time of the inspection.
59706423,2023-12-11T08:53:00.000,2023-12-11T14:30:00.000,DEP,Sewer,Sewer Backup (Use Comments) (SA),11434,QUEENS,40.694955389537355,-73.77159156685087,Closed,The Department of Environmental Protection investigated this complaint and found there was no sewer back up in the city system at the time of the inspection.
59706425,2023-12-11T17:59:00.000,2023-12-11T20:00:00.000,DEP,Sewer,Sewer Backup (Use Comments) (SA),11434,QUEENS,40.694955389537355,-73.77159156685087,Closed,The Department of Environmental Protection investigated this complaint and found there was no sewer back up in the city system at the time of the inspection.
59707692,2023-12-11T18:41:00.000,2023-12-21T08:55:00.000,DEP,Sewer,Catch Basin Clogged/Flooding (Use Comments) (SC),11414,QUEENS,40.660429246699955,-73.84019550051126,Closed,"The Department of Environment Protection inspected your complaint but could not find the problem you reported. If the condition persists, please call 311 (or 212-639-9675 if calling from a non-New York City area code) with more detailed information to submit a new complaint."
59705044,2023-12-11T04:47:00.000,2023-12-12T01:45:00.000,DEP,Sewer,Culvert Blocked/Needs Cleaning (SE),11419,QUEENS,40.68250243236867,-73.82130380187569,Closed,"The Department of Environment Protection inspected your complaint but could not find the problem you reported. If the condition persists, please call 311 (or 212-639-9675 if calling from a non-New York City area code) with more detailed information to submit a new complaint."
59710041,2023-12-11T11:38:34.000,2024-01-16T08:50:05.000,DPR,Root/Sewer/Sidewalk Condition,Trees and Sidewalks Program,11363,QUEENS,40.76944511263757,-73.74397418539795,Closed,"NYC Parks inspected the requested repair site. This site meets the criteria for repair under the Trees & Sidewalks Program. The timeframe for repair work depends on available funding for the program, the severity of damage, and the other sidewalk requests in the surrounding district."
59706428,2023-12-11T12:44:00.000,2023-12-11T13:50:00.000,DEP,Sewer,Sewer Backup (Use Comments) (SA),11427,QUEENS,40.73157366648006,-73.75698283997842,Closed,The Department of Environmental Protection investigated this complaint and found there was no sewer back up in the city system at the time of the inspection.
59705057,2023-12-11T00:29:00.000,2023-12-11T13:50:00.000,DEP,Sewer,Street Flooding (SJ),11366,QUEENS,40.73172803050727,-73.78638534775655,Closed,The Department of Environmental Protection has investigated this complaint and found that debris was obstructing the catch basin.
59706418,2023-12-11T10:50:00.000,2023-12-25T13:00:00.000,DEP,Sewer,Catch Basin Clogged/Flooding (Use Comments) (SC),11414,QUEENS,40.65542508664031,-73.84187976595271,Closed,"The Department of Environmental Protection inspected your complaint and cleaned the catch basin or inlet. If the condition returns, please call 311 (or 212-639-9675 if calling from a non-New York City area code) to submit a new complaint."
65031328,2025-05-22T13:37:58.000,2026-03-11T12:23:39.000,DPR,Root/Sewer/Sidewalk Condition,Trees and Sidewalks Program,11419,QUEENS,40.6847159877256,-73.8221199543181,Closed,"NYC Parks inspected the requested repair site. This site meets the criteria for repair under the Trees & Sidewalks Program. The timeframe for repair work depends on available funding for the program, the severity of damage, and the other sidewalk requests in the surrounding district."
65275000,2025-06-15T15:08:21.000,2026-03-11T11:13:13.000,DPR,Root/Sewer/Sidewalk Condition,Trees and Sidewalks Program,11363,QUEENS,40.77265126299573,-73.75162674136115,Closed,"NYC Parks inspected and determined this site does not rate high enough to be repaired by NYC Parks at this time.   We understand conditions may become worse over time. In three years, you may submit a service request via 311, the Parks website, or NYC Tree Map for a new inspection.   You can repair the sidewalk yourself by hiring an independent contractor. The contractor must complete a Tree Work Permit application on the NYC Parks website."
65301264,2025-06-18T13:18:57.000,2026-03-11T12:23:40.000,DPR,Root/Sewer/Sidewalk Condition,Trees and Sidewalks Program,11417,QUEENS,40.6816346679945,-73.8436419853411,Closed,"NYC Parks inspected the requested repair site. This site meets the criteria for repair under the Trees & Sidewalks Program. The timeframe for repair work depends on available funding for the program, the severity of damage, and the other sidewalk requests in the surrounding district."
65422421,2025-06-30T17:40:17.000,2026-03-11T11:48:15.000,DPR,Root/Sewer/Sidewalk Condition,Trees and Sidewalks Program,11363,QUEENS,40.7799620459933,-73.75233246353153,Closed,"NYC Parks inspected and determined this site does not rate high enough to be repaired by NYC Parks at this time.   We understand conditions may become worse over time. In three years, you may submit a service request via 311, the Parks website, or NYC Tree Map for a new inspection.   You can repair the sidewalk yourself by hiring an independent contractor. The contractor must complete a Tree Work Permit application on the NYC Parks website."
65427331,2025-06-30T17:39:58.000,2026-03-11T11:48:15.000,DPR,Root/Sewer/Sidewalk Condition,Trees and Sidewalks Program,11363,QUEENS,40.7799620459933,-73.75233246353153,Closed,"NYC Parks inspected and determined this site does not rate high enough to be repaired by NYC Parks at this time.   We understand conditions may become worse over time. In three years, you may submit a service request via 311, the Parks website, or NYC Tree Map for a new inspection.   You can repair the sidewalk yourself by hiring an independent contractor. The contractor must complete a Tree Work Permit application on the NYC Parks website."
66912871,2025-11-21T07:42:49.000,2026-03-19T11:34:13.000,DPR,Root/Sewer/Sidewalk Condition,Trees and Sidewalks Program,11434,QUEENS,40.687445719191565,-73.76614731402351,Closed,"NYC Parks inspected and determined this site does not rate high enough to be repaired by NYC Parks at this time.   We understand conditions may become worse over time. In three years, you may submit a service request via 311, the Parks website, or NYC Tree Map for a new inspection.   You can repair the sidewalk yourself by hiring an independent contractor. The contractor must complete a Tree Work Permit application on the NYC Parks website."
65565751,2025-07-15T10:25:49.000,2026-03-11T12:23:41.000,DPR,Root/Sewer/Sidewalk Condition,Trees and Sidewalks Program,11417,QUEENS,40.67600937544539,-73.84073499372609,Closed,"NYC Parks inspected and determined this site does not rate high enough to be repaired by NYC Parks at this time.   We understand conditions may become worse over time. In three years, you may submit a service request via 311, the Parks website, or NYC Tree Map for a new inspection.   You can repair the sidewalk yourself by hiring an independent contractor. The contractor must complete a Tree Work Permit application on the NYC Parks website."
65659425,2025-07-25T10:54:51.000,2026-03-11T11:13:13.000,DPR,Root/Sewer/Sidewalk Condition,Trees and Sidewalks Program,11363,QUEENS,40.769835872980565,-73.74074150990664,Closed,"NYC Parks inspected and determined this site does not rate high enough to be repaired by NYC Parks at this time.   We understand conditions may become worse over time. In three years, you may submit a service request via 311, the Parks website, or NYC Tree Map for a new inspection.   You can repair the sidewalk yourself by hiring an independent contractor. The contractor must complete a Tree Work Permit application on the NYC Parks website."
65707730,2025-07-30T15:20:05.000,2026-03-11T11:13:13.000,DPR,Root/Sewer/Sidewalk Condition,Trees and Sidewalks Program,11363,QUEENS,40.770072352802764,-73.74462162119121,Closed,"NYC Parks inspected and determined this site does not rate high enough to be repaired by NYC Parks at this time.   We understand conditions may become worse over time. In three years, you may submit a service request via 311, the Parks website, or NYC Tree Map for a new inspection.   You can repair the sidewalk yourself by hiring an independent contractor. The contractor must complete a Tree Work Permit application on the NYC Parks website."
65708930,2025-07-30T10:49:41.000,2026-03-11T12:23:41.000,DPR,Root/Sewer/Sidewalk Condition,Trees and Sidewalks Program,11420,QUEENS,40.68155254835151,-73.81768285791719,Closed,"NYC Parks inspected the requested repair site. This site meets the criteria for repair under the Trees & Sidewalks Program. The timeframe for repair work depends on available funding for the program, the severity of damage, and the other sidewalk requests in the surrounding district."
65782311,2025-08-07T20:41:04.000,2026-03-11T11:13:14.000,DPR,Root/Sewer/Sidewalk Condition,Trees and Sidewalks Program,11363,QUEENS,40.77003528530273,-73.74523550752394,Closed,"NYC Parks inspected and determined this site does not rate high enough to be repaired by NYC Parks at this time.   We understand conditions may become worse over time. In three years, you may submit a service request via 311, the Parks website, or NYC Tree Map for a new inspection.   You can repair the sidewalk yourself by hiring an independent contractor. The contractor must complete a Tree Work Permit application on the NYC Parks website."
65794738,2025-08-08T15:21:50.000,2026-03-11T12:23:41.000,DPR,Root/Sewer/Sidewalk Condition,Trees and Sidewalks Program,11417,QUEENS,40.675104353550104,-73.84128152682239,Closed,"NYC Parks inspected the requested repair site. This site meets the criteria for repair under the Trees & Sidewalks Program. The timeframe for repair work depends on available funding for the program, the severity of damage, and the other sidewalk requests in the surrounding district."
65861288,2025-08-15T11:00:30.000,2026-03-11T12:23:42.000,DPR,Root/Sewer/Sidewalk Condition,Trees and Sidewalks Program,11420,QUEENS,40.67902827298184,-73.82535468064555,Closed,NYC Parks inspected and determined that the site is ineligible for the Trees and Sidewalks Program because of one or more of the following reasons:  - The property adjacent to the sidewalk is not in Tax Class 1 - The property adjacent to the sidewalk is not owner-occupied - The property adjacent to the sidewalk contains a place of business  You can repair the sidewalk yourself by hiring an independent contractor. The contractor must complete a Tree Work Permit application on the NYC Parks website.
65948517,2025-08-25T10:39:04.000,2026-03-11T12:23:42.000,DPR,Root/Sewer/Sidewalk Condition,Trees and Sidewalks Program,11417,QUEENS,40.67729861410738,-73.83243627913569,Closed,"The Service Request submitted did not have sufficient location or complaint information for NYC Parks to respond.  Please submit a new Service Request with adequate site details, including a full street address and descriptive location information."
66069907,2025-09-06T08:53:59.000,2026-03-11T11:13:14.000,DPR,Root/Sewer/Sidewalk Condition,Trees and Sidewalks Program,11363,QUEENS,40.77697314731352,-73.74733562869652,Closed,"NYC Parks inspected and determined this site does not rate high enough to be repaired by NYC Parks at this time.   We understand conditions may become worse over time. In three years, you may submit a service request via 311, the Parks website, or NYC Tree Map for a new inspection.   You can repair the sidewalk yourself by hiring an independent contractor. The contractor must complete a Tree Work Permit application on the NYC Parks website."
66103348,2025-09-09T10:35:06.000,2026-03-11T11:48:15.000,DPR,Root/Sewer/Sidewalk Condition,Trees and Sidewalks Program,11363,QUEENS,40.780578653602795,-73.75188603787666,Closed,"NYC Parks inspected and determined this site does not rate high enough to be repaired by NYC Parks at this time.   We understand conditions may become worse over time. In three years, you may submit a service request via 311, the Parks website, or NYC Tree Map for a new inspection.   You can repair the sidewalk yourself by hiring an independent contractor. The contractor must complete a Tree Work Permit application on the NYC Parks website."
66146597,2025-09-13T12:03:54.000,2026-03-11T12:23:43.000,DPR,Root/Sewer/Sidewalk Condition,Trees and Sidewalks Program,11420,QUEENS,40.67699287902954,-73.81558987699506,Closed,"NYC Parks inspected and determined this site does not rate high enough to be repaired by NYC Parks at this time.   We understand conditions may become worse over time. In three years, you may submit a service request via 311, the Parks website, or NYC Tree Map for a new inspection.   You can repair the sidewalk yourself by hiring an independent contractor. The contractor must complete a Tree Work Permit application on the NYC Parks website."
66255354,2025-09-23T12:45:12.000,2026-03-11T11:13:15.000,DPR,Root/Sewer/Sidewalk Condition,Trees and Sidewalks Program,11363,QUEENS,40.767636224229555,-73.74393059744085,Closed,"NYC Parks inspected and determined this site does not rate high enough to be repaired by NYC Parks at this time.   We understand conditions may become worse over time. In three years, you may submit a service request via 311, the Parks website, or NYC Tree Map for a new inspection.   You can repair the sidewalk yourself by hiring an independent contractor. The contractor must complete a Tree Work Permit application on the NYC Parks website."
67493455,2026-01-14T09:54:54.000,2026-03-19T09:46:06.000,DPR,Root/Sewer/Sidewalk Condition,Trees and Sidewalks Program,11413,QUEENS,40.67170740261357,-73.75700630597554,Closed,"NYC Parks inspected the requested repair site. This site meets the criteria for repair under the Trees & Sidewalks Program. The timeframe for repair work depends on available funding for the program, the severity of damage, and the other sidewalk requests in the surrounding district."
67240864,2025-12-19T14:11:19.000,2026-03-02T12:20:12.000,DPR,Root/Sewer/Sidewalk Condition,Trees and Sidewalks Program,11355,QUEENS,40.74845473358735,-73.81331683850551,Closed,"NYC Parks inspected the requested repair site. This site meets the criteria for repair under the Trees & Sidewalks Program. The timeframe for repair work depends on available funding for the program, the severity of damage, and the other sidewalk requests in the surrounding district."
66732145,2025-11-05T15:29:27.000,2026-03-11T12:23:45.000,DPR,Root/Sewer/Sidewalk Condition,Trees and Sidewalks Program,11420,QUEENS,40.68095884016508,-73.81037266825555,Closed,NYC Parks inspected and determined that the site is ineligible for the Trees and Sidewalks Program because of one or more of the following reasons:  - The property adjacent to the sidewalk is not in Tax Class 1 - The property adjacent to the sidewalk is not owner-occupied - The property adjacent to the sidewalk contains a place of business  You can repair the sidewalk yourself by hiring an independent contractor. The contractor must complete a Tree Work Permit application on the NYC Parks website.
67278623,2025-12-23T15:44:34.000,2026-03-11T12:23:46.000,DPR,Root/Sewer/Sidewalk Condition,Trees and Sidewalks Program,11417,QUEENS,40.67649456992704,-73.83255727050536,Closed,"NYC Parks inspected and determined this site does not rate high enough to be repaired by NYC Parks at this time.   We understand conditions may become worse over time. In three years, you may submit a service request via 311, the Parks website, or NYC Tree Map for a new inspection.   You can repair the sidewalk yourself by hiring an independent contractor. The contractor must complete a Tree Work Permit application on the NYC Parks website."
65679879,2025-07-27T16:28:16.000,2026-04-01T11:24:23.000,DPR,Root/Sewer/Sidewalk Condition,Trees and Sidewalks Program,11436,QUEENS,40.671325943184314,-73.79821906323315,Closed,"NYC Parks inspected and determined this site does not rate high enough to be repaired by NYC Parks at this time.   We understand conditions may become worse over time. In three years, you may submit a service request via 311, the Parks website, or NYC Tree Map for a new inspection.   You can repair the sidewalk yourself by hiring an independent contractor. The contractor must complete a Tree Work Permit application on the NYC Parks website."
65723763,2025-07-31T11:55:32.000,2026-03-30T11:17:16.000,DPR,Root/Sewer/Sidewalk Condition,Trees and Sidewalks Program,11436,QUEENS,40.685074487859474,-73.79507659745894,Closed,"NYC Parks inspected and determined this site does not rate high enough to be repaired by NYC Parks at this time.   We understand conditions may become worse over time. In three years, you may submit a service request via 311, the Parks website, or NYC Tree Map for a new inspection.   You can repair the sidewalk yourself by hiring an independent contractor. The contractor must complete a Tree Work Permit application on the NYC Parks website."
65776580,2025-08-06T18:18:56.000,2026-04-03T10:25:21.000,DPR,Root/Sewer/Sidewalk Condition,Trees and Sidewalks Program,11427,QUEENS,40.72840103857345,-73.74076921639593,Closed,"NYC Parks inspected and determined this site does not rate high enough to be repaired by NYC Parks at this time.   We understand conditions may become worse over time. In three years, you may submit a service request via 311, the Parks website, or NYC Tree Map for a new inspection.   You can repair the sidewalk yourself by hiring an independent contractor. The contractor must complete a Tree Work Permit application on the NYC Parks website."
65021055,2025-05-21T21:58:10.000,2026-02-20T15:37:47.000,DPR,Root/Sewer/Sidewalk Condition,Trees and Sidewalks Program,11370,QUEENS,40.75919735474545,-73.88412275057776,Closed,"NYC Parks inspected the requested repair site. This site meets the criteria for repair under the Trees & Sidewalks Program. The timeframe for repair work depends on available funding for the program, the severity of damage, and the other sidewalk requests in the surrounding district."
65261452,2025-06-13T14:05:59.000,2026-02-20T15:06:22.000,DPR,Root/Sewer/Sidewalk Condition,Trees and Sidewalks Program,11372,QUEENS,40.754877138613416,-73.88144124331475,Closed,NYC Parks inspected and determined that the site is ineligible for the Trees and Sidewalks Program because of one or more of the following reasons:  - The property adjacent to the sidewalk is not in Tax Class 1 - The property adjacent to the sidewalk is not owner-occupied - The property adjacent to the sidewalk contains a place of business  You can repair the sidewalk yourself by hiring an independent contractor. The contractor must complete a Tree Work Permit application on the NYC Parks website.
66452086,2025-10-11T11:53:56.000,2026-04-01T12:08:56.000,DPR,Root/Sewer/Sidewalk Condition,Trees and Sidewalks Program,11375,QUEENS,40.734346328838875,-73.85283857618285,Closed,NYC Parks inspected and determined that the site is ineligible for the Trees and Sidewalks Program because of one or more of the following reasons:  - The property adjacent to the sidewalk is not in Tax Class 1 - The property adjacent to the sidewalk is not owner-occupied - The property adjacent to the sidewalk contains a place of business  You can repair the sidewalk yourself by hiring an independent contractor. The contractor must complete a Tree Work Permit application on the NYC Parks website.
66615885,2025-10-26T18:13:02.000,2026-04-03T12:40:28.000,DPR,Root/Sewer/Sidewalk Condition,Trees and Sidewalks Program,11375,QUEENS,40.70994103262616,-73.85590069004745,Closed,"NYC Parks inspected the requested repair site. This site meets the criteria for repair under the Trees & Sidewalks Program. The timeframe for repair work depends on available funding for the program, the severity of damage, and the other sidewalk requests in the surrounding district."
58143405,2023-07-09T19:32:00.000,2023-07-14T12:50:00.000,DEP,Sewer,Catch Basin Clogged/Flooding (Use Comments) (SC),11105,QUEENS,40.77586803503995,-73.90081787197921,Closed,"The status of this Service Request is currently not available online. Please call 311 for further assistance. If you are outside of New York City, please call (212) NEW-YORK (212-639-9675)."
67011223,2025-12-01T11:32:33.000,2026-04-01T10:44:39.000,DPR,Root/Sewer/Sidewalk Condition,Trees and Sidewalks Program,11436,QUEENS,40.667030166816076,-73.79194910277025,Closed,"NYC Parks inspected and determined this site does not rate high enough to be repaired by NYC Parks at this time.   We understand conditions may become worse over time. In three years, you may submit a service request via 311, the Parks website, or NYC Tree Map for a new inspection.   You can repair the sidewalk yourself by hiring an independent contractor. The contractor must complete a Tree Work Permit application on the NYC Parks website."
67403627,2026-01-06T11:46:08.000,2026-03-30T11:17:18.000,DPR,Root/Sewer/Sidewalk Condition,Trees and Sidewalks Program,11436,QUEENS,40.68170025278254,-73.79611452590737,Closed,"NYC Parks inspected and determined this site does not rate high enough to be repaired by NYC Parks at this time.   We understand conditions may become worse over time. In three years, you may submit a service request via 311, the Parks website, or NYC Tree Map for a new inspection.   You can repair the sidewalk yourself by hiring an independent contractor. The contractor must complete a Tree Work Permit application on the NYC Parks website."
65978141,2025-08-28T12:48:41.000,2026-02-17T09:48:25.000,DPR,Root/Sewer/Sidewalk Condition,Trees and Sidewalks Program,11004,QUEENS,40.7408608707876,-73.71133163579591,Closed,"NYC Parks inspected and determined this site does not rate high enough to be repaired by NYC Parks at this time.   We understand conditions may become worse over time. In three years, you may submit a service request via 311, the Parks website, or NYC Tree Map for a new inspection.   You can repair the sidewalk yourself by hiring an independent contractor. The contractor must complete a Tree Work Permit application on the NYC Parks website."
67435667,2026-01-08T11:26:02.000,2026-03-31T12:32:12.000,DPR,Root/Sewer/Sidewalk Condition,Trees and Sidewalks Program,11418,QUEENS,40.69872581161299,-73.8206688694802,Closed,NYC Parks inspected and determined that the site is ineligible for the Trees and Sidewalks Program because of one or more of the following reasons:  - The property adjacent to the sidewalk is not in Tax Class 1 - The property adjacent to the sidewalk is not owner-occupied - The property adjacent to the sidewalk contains a place of business  You can repair the sidewalk yourself by hiring an independent contractor. The contractor must complete a Tree Work Permit application on the NYC Parks website.
66543180,2025-10-19T14:41:01.000,2026-05-06T13:48:54.000,DPR,Root/Sewer/Sidewalk Condition,Trees and Sidewalks Program,11385,QUEENS,40.70406599848338,-73.8639093914751,Closed,"NYC Parks inspected and determined this site does not rate high enough to be repaired by NYC Parks at this time.   We understand conditions may become worse over time. In three years, you may submit a service request via 311, the Parks website, or NYC Tree Map for a new inspection.   You can repair the sidewalk yourself by hiring an independent contractor. The contractor must complete a Tree Work Permit application on the NYC Parks website."
68207671,2026-03-04T17:23:00.000,2026-03-06T10:45:00.000,DEP,Sewer,Catch Basin Sunken/Damaged/Raised (SC1),11379,QUEENS,40.72223031450447,-73.87812976767756,Closed,"The Department of Environment Protection inspected your complaint but could not find the problem you reported. If the condition persists, please call 311 (or 212-639-9675 if calling from a non-New York City area code) with more detailed information to submit a new complaint."
68212126,2026-03-05T18:31:00.000,2026-03-11T10:10:00.000,DEP,Sewer,Street Flooding (SJ),11693,QUEENS,40.58531087929644,-73.81707073299111,Closed,"The Department of Environment Protection inspected your complaint but could not find the problem you reported. If the condition persists, please call 311 (or 212-639-9675 if calling from a non-New York City area code) with more detailed information to submit a new complaint."
68219135,2026-03-05T10:38:00.000,2026-03-06T11:15:00.000,DEP,Sewer,Catch Basin Clogged/Flooding (Use Comments) (SC),11379,QUEENS,40.71324599121511,-73.90019322740622,Closed,"The Department of Environment Protection inspected your complaint but could not find the problem you reported. If the condition persists, please call 311 (or 212-639-9675 if calling from a non-New York City area code) with more detailed information to submit a new complaint."
64718754,2025-04-21T10:23:31.000,2026-04-21T11:59:04.000,DPR,Root/Sewer/Sidewalk Condition,Trees and Sidewalks Program,11378,QUEENS,40.7218371645012,-73.90682562681307,Closed,NYC Parks inspected and determined that the site is ineligible for the Trees and Sidewalks Program because of one or more of the following reasons:  - The property adjacent to the sidewalk is not in Tax Class 1 - The property adjacent to the sidewalk is not owner-occupied - The property adjacent to the sidewalk contains a place of business  You can repair the sidewalk yourself by hiring an independent contractor. The contractor must complete a Tree Work Permit application on the NYC Parks website.
64886823,2025-05-08T12:33:10.000,2026-04-21T11:59:04.000,DPR,Root/Sewer/Sidewalk Condition,Trees and Sidewalks Program,11378,QUEENS,40.7218371645012,-73.90682562681307,Closed,NYC Parks inspected and determined that the site is ineligible for the Trees and Sidewalks Program because of one or more of the following reasons:  - The property adjacent to the sidewalk is not in Tax Class 1 - The property adjacent to the sidewalk is not owner-occupied - The property adjacent to the sidewalk contains a place of business  You can repair the sidewalk yourself by hiring an independent contractor. The contractor must complete a Tree Work Permit application on the NYC Parks website.
66797077,2025-11-11T11:38:10.000,2026-05-14T12:58:08.000,DPR,Root/Sewer/Sidewalk Condition,Trees and Sidewalks Program,11360,QUEENS,40.78252010783481,-73.77506822633518,Closed,NYC Parks inspected and determined that the site is ineligible for the Trees and Sidewalks Program because of one or more of the following reasons:  - The property adjacent to the sidewalk is not in Tax Class 1 - The property adjacent to the sidewalk is not owner-occupied - The property adjacent to the sidewalk contains a place of business  You can repair the sidewalk yourself by hiring an independent contractor. The contractor must complete a Tree Work Permit application on the NYC Parks website.
68233645,2026-03-06T09:44:00.000,2026-03-10T11:05:00.000,DEP,Sewer,Catch Basin Clogged/Flooding (Use Comments) (SC),11419,QUEENS,40.685274521934744,-73.8284283742435,Closed,"The Department of Environmental Protection inspected your complaint and referred it to the Department of Transportation for further action. If the problem persists, please call 311 (or 212-639-9675 if calling from a non-New York City area code) to submit a new complaint."
68045365,2026-02-19T11:21:10.000,2026-03-02T11:46:45.000,DPR,Root/Sewer/Sidewalk Condition,Trees and Sidewalks Program,11378,QUEENS,40.71759346198967,-73.90645278173254,Closed,"NYC Parks inspected and determined this site does not rate high enough to be repaired by NYC Parks at this time.   We understand conditions may become worse over time. In three years, you may submit a service request via 311, the Parks website, or NYC Tree Map for a new inspection.   You can repair the sidewalk yourself by hiring an independent contractor. The contractor must complete a Tree Work Permit application on the NYC Parks website."
68177325,2026-03-02T23:14:00.000,2026-03-03T00:50:00.000,DEP,Sewer,Sewer Backup (Use Comments) (SA),11357,QUEENS,40.77804560900453,-73.81657376554236,Closed,The Department of Environmental Protection investigated this complaint and found there was no sewer back up in the city system at the time of the inspection.
68057274,2026-02-20T09:53:00.000,2026-02-21T09:10:00.000,DEP,Sewer,Catch Basin Clogged/Flooding (Use Comments) (SC),11412,QUEENS,40.70004757054658,-73.75455880562373,Closed,"The Department of Environment Protection inspected your complaint but could not find the problem you reported. If the condition persists, please call 311 (or 212-639-9675 if calling from a non-New York City area code) with more detailed information to submit a new complaint."
65640480,2025-07-23T15:37:39.000,2026-04-21T11:59:04.000,DPR,Root/Sewer/Sidewalk Condition,Trees and Sidewalks Program,11378,QUEENS,40.7283164321492,-73.90218030475084,Closed,NYC Parks inspected and determined that the site is ineligible for the Trees and Sidewalks Program because of one or more of the following reasons:  - The property adjacent to the sidewalk is not in Tax Class 1 - The property adjacent to the sidewalk is not owner-occupied - The property adjacent to the sidewalk contains a place of business  You can repair the sidewalk yourself by hiring an independent contractor. The contractor must complete a Tree Work Permit application on the NYC Parks website.
68065121,2026-02-21T17:53:00.000,2026-02-21T20:30:00.000,DEP,Sewer,Sewer Odor (SA2),11432,QUEENS,40.71175428397851,-73.80816047936575,Closed,The Department of Environmental Protection investigated this complaint and found there was no sewer back up in the city system at the time of the inspection.
68251656,2026-03-08T19:57:00.000,2026-03-11T12:20:00.000,DEP,Sewer,Catch Basin Clogged/Flooding (Use Comments) (SC),11691,QUEENS,40.60577860538333,-73.74244100560131,Closed,"The Department of Environment Protection inspected your complaint but could not find the problem you reported. If the condition persists, please call 311 (or 212-639-9675 if calling from a non-New York City area code) with more detailed information to submit a new complaint."
65793488,2025-08-08T16:26:00.000,2026-04-21T11:59:04.000,DPR,Root/Sewer/Sidewalk Condition,Trees and Sidewalks Program,11378,QUEENS,40.72757045212688,-73.89657825890977,Closed,"NYC Parks inspected and determined this site does not rate high enough to be repaired by NYC Parks at this time.   We understand conditions may become worse over time. In three years, you may submit a service request via 311, the Parks website, or NYC Tree Map for a new inspection.   You can repair the sidewalk yourself by hiring an independent contractor. The contractor must complete a Tree Work Permit application on the NYC Parks website."
68073452,2026-02-22T15:56:00.000,2026-02-22T20:00:00.000,DEP,Sewer,Sewer Backup (Use Comments) (SA),11377,QUEENS,40.73838228876172,-73.90649215631592,Closed,The Department of Environmental Protection investigated this complaint and found there was no sewer back up in the city system at the time of the inspection.
68194539,2026-03-03T07:53:00.000,2026-03-03T16:42:00.000,DEP,Sewer,Manhole Overflow (Use Comments) (SA1),11429,QUEENS,40.716891104054774,-73.73545341343043,Closed,The Department of Environmental Protection determined that this complaint is a duplicate of a previously filed complaint. The original complaint is being addressed.
67872668,2026-02-06T16:47:00.000,2026-02-10T11:30:00.000,DEP,Sewer,Street Flooding (SJ),11422,QUEENS,40.65234679278045,-73.72692666423366,Closed,"The Department of Environment Protection inspected your complaint but could not find the problem you reported. If the condition persists, please call 311 (or 212-639-9675 if calling from a non-New York City area code) with more detailed information to submit a new complaint."
68267788,2026-03-09T14:28:00.000,2026-03-09T17:20:00.000,DEP,Sewer,Sewer Backup (Use Comments) (SA),11412,QUEENS,40.68960701130333,-73.75612253461935,Closed,The Department of Environmental Protection has investigated this complaint. Surcharge conditions have been confirmed and attributed to grease. Work was performed to relieve the blockage.
68198673,2026-03-04T11:02:00.000,2026-03-04T18:55:00.000,DEP,Sewer,Sewer Backup (Use Comments) (SA),11419,QUEENS,40.69265213167895,-73.81237683748819,Closed,The Department of Environmental Protection has investigated this complaint. Surcharge conditions have been confirmed and attributed to grease. Work was performed to relieve the blockage.
68198666,2026-03-04T09:11:00.000,2026-03-06T13:00:00.000,DEP,Sewer,Catch Basin Clogged/Flooding (Use Comments) (SC),11385,QUEENS,40.698398629316905,-73.90901499131921,Closed,"The Department of Environmental Protection inspected your complaint and cleaned the catch basin or inlet. If the condition returns, please call 311 (or 212-639-9675 if calling from a non-New York City area code) to submit a new complaint."
68269896,2026-03-09T22:45:00.000,2026-03-10T10:15:00.000,DEP,Sewer,Catch Basin Search (SC2),11004,QUEENS,40.743738212694886,-73.71166200845792,Closed,The Department of Environmental Protection (DEP) investigated this request and completed a search of the catch basin.
68271940,2026-03-10T17:45:00.000,2026-03-10T20:05:00.000,DEP,Sewer,Sewer Backup (Use Comments) (SA),11435,QUEENS,40.689538806897936,-73.80858859090917,Closed,The Department of Environmental Protection investigated this complaint and found there was no sewer back up in the city system at the time of the inspection.
68271942,2026-03-10T08:59:00.000,2026-03-10T13:40:00.000,DEP,Sewer,Street Flooding (SJ),11432,QUEENS,40.72181562871659,-73.78729738428606,Closed,"The Department of Environment Protection inspected your complaint but could not find the problem you reported. If the condition persists, please call 311 (or 212-639-9675 if calling from a non-New York City area code) with more detailed information to submit a new complaint."
63820792,2025-01-20T16:35:00.000,2025-01-20T20:15:00.000,DEP,Sewer,Sewer Backup (Use Comments) (SA),11436,QUEENS,40.67786478493977,-73.79554580413397,Closed,The Department of Environmental Protection has investigated this complaint. Surcharge conditions have been confirmed and attributed to grease. Work was performed to relieve the blockage.
59924250,2024-01-04T12:08:00.000,2024-01-08T10:10:00.000,DEP,Sewer,Catch Basin Clogged/Flooding (Use Comments) (SC),11360,QUEENS,40.78600771060338,-73.79209371644893,Closed,"The Department of Environmental Protection inspected your complaint and cleaned the catch basin or inlet. If the condition returns, please call 311 (or 212-639-9675 if calling from a non-New York City area code) to submit a new complaint."
68275103,2026-03-10T13:07:00.000,2026-03-10T13:10:00.000,DEP,Sewer,Manhole Overflow (Use Comments) (SA1),11373,QUEENS,40.737316519200796,-73.88443865648692,Closed,"The Department of Environmental Protection has determined that this issue was previously reported by another customer The original complaint is being addressed. If the condition persists, please call 311 (or 212-639-9675 if calling from a non-New York City area code) to submit a new complaint."
68278330,2026-03-10T12:35:00.000,2026-03-10T12:40:00.000,DEP,Sewer,Catch Basin Sunken/Damaged/Raised (SC1),11364,QUEENS,40.74596733442962,-73.75966231384012,Closed,"The Department of Environmental Protection has determined that this issue was previously reported by another customer The original complaint is being addressed. If the condition persists, please call 311 (or 212-639-9675 if calling from a non-New York City area code) to submit a new complaint."
60320457,2024-02-14T10:41:00.000,2024-02-18T09:45:00.000,DEP,Sewer,Catch Basin Clogged/Flooding (Use Comments) (SC),11377,QUEENS,40.740363785933404,-73.89971235121284,Closed,"The Department of Environmental Protection inspected your complaint and cleaned the catch basin or inlet. If the condition returns, please call 311 (or 212-639-9675 if calling from a non-New York City area code) to submit a new complaint."
68204695,2026-03-04T14:32:00.000,2026-03-04T16:34:00.000,DEP,Sewer,Sewer Backup (Use Comments) (SA),11422,QUEENS,40.66163371905841,-73.73451194157911,Closed,The Department of Environmental Protection investigated this complaint and found there was no sewer back up in the city system at the time of the inspection.
68113264,2026-02-24T11:29:00.000,2026-02-24T11:40:00.000,DEP,Sewer,Sewer Backup (Use Comments) (SA),11412,QUEENS,40.70051297978375,-73.76583820314819,Closed,"The Department of Environmental Protection has determined that this issue was previously reported by another customer The original complaint is being addressed. If the condition persists, please call 311 (or 212-639-9675 if calling from a non-New York City area code) to submit a new complaint."
68284889,2026-03-11T08:19:00.000,2026-03-11T12:35:00.000,DEP,Sewer,Sewer Backup (Use Comments) (SA),11418,QUEENS,40.69648015358877,-73.84090968152036,Closed,The Department of Environmental Protection investigated this complaint and found there was no sewer back up in the city system at the time of the inspection.
68284888,2026-03-11T12:59:00.000,2026-03-11T13:55:00.000,DEP,Sewer,Manhole Overflow (Use Comments) (SA1),11375,QUEENS,40.7162609065611,-73.83072945371582,Closed,The Department of Environmental Protection investigated this complaint and found there was no sewer back up in the city system at the time of the inspection.
68289800,2026-03-11T07:16:00.000,2026-03-11T10:10:00.000,DEP,Sewer,Manhole Cover Missing (Emergency) (SA3),11694,QUEENS,40.5807227850377,-73.82671334939981,Closed,"The Department of Environment Protection inspected your complaint but could not find the problem you reported. If the condition persists, please call 311 (or 212-639-9675 if calling from a non-New York City area code) with more detailed information to submit a new complaint."
68289801,2026-03-11T22:13:00.000,2026-03-11T22:17:00.000,DEP,Sewer,Manhole Overflow (Use Comments) (SA1),11429,QUEENS,40.71402891155717,-73.73571727937384,Closed,The Department of Environmental Protection determined that this complaint is a duplicate of a previously filed complaint. The original complaint is being addressed.
68293023,2026-03-11T12:59:00.000,2026-03-11T14:00:00.000,DEP,Sewer,Manhole Cover Missing (Emergency) (SA3),11414,QUEENS,40.66829848583197,-73.84214483687155,Closed,"The Department of Environment Protection inspected your complaint but could not find the problem you reported. If the condition persists, please call 311 (or 212-639-9675 if calling from a non-New York City area code) with more detailed information to submit a new complaint."
68293025,2026-03-11T09:32:00.000,2026-03-11T14:20:00.000,DEP,Sewer,Sewer Odor (SA2),11420,QUEENS,40.66505775566659,-73.8117011003036,Closed,"The Department of Environmental Protection has determined that this issue was previously reported by another customer The original complaint is being addressed. If the condition persists, please call 311 (or 212-639-9675 if calling from a non-New York City area code) to submit a new complaint."
68213508,2026-03-05T09:23:00.000,2026-03-10T13:55:00.000,DEP,Sewer,Catch Basin Clogged/Flooding (Use Comments) (SC),11421,QUEENS,40.690049770145535,-73.85817934729812,Closed,"The Department of Environment Protection inspected your complaint but could not find the problem you reported. If the condition persists, please call 311 (or 212-639-9675 if calling from a non-New York City area code) with more detailed information to submit a new complaint."
68213514,2026-03-05T16:44:00.000,2026-03-05T21:10:00.000,DEP,Sewer,Manhole Overflow (Use Comments) (SA1),11426,QUEENS,40.734568825653696,-73.71421670164439,Closed,The Department of Environmental Protection investigated this complaint and referred it to another agency or utility for further action.
68213520,2026-03-05T12:17:00.000,2026-03-05T14:00:00.000,DEP,Sewer,Sewer Backup (Use Comments) (SA),11385,QUEENS,40.70247238608665,-73.87968065454581,Closed,The Department of Environmental Protection investigated this complaint and found there was no sewer back up in the city system at the time of the inspection.
68213518,2026-03-05T17:57:00.000,2026-03-05T22:10:00.000,DEP,Sewer,Sewer Backup (Use Comments) (SA),11365,QUEENS,40.73964074219731,-73.78912778139158,Closed,The Department of Environmental Protection investigated this complaint and found there was no sewer back up in the city system at the time of the inspection.
68294630,2026-03-11T12:09:00.000,2026-03-11T12:31:00.000,DEP,Sewer,Sewer Odor (SA2),11420,QUEENS,40.66505775566659,-73.8117011003036,Closed,"The Department of Environmental Protection has determined that this issue was previously reported by another customer The original complaint is being addressed. If the condition persists, please call 311 (or 212-639-9675 if calling from a non-New York City area code) to submit a new complaint."
61697294,2024-07-04T08:44:00.000,2024-07-04T10:00:00.000,DEP,Sewer,Manhole Cover Missing (Emergency) (SA3),11415,QUEENS,40.70598101261483,-73.8229396589915,Closed,The Department of Environmental Protection has investigated this complaint and has performed repair work.
68217718,2026-03-05T09:44:00.000,2026-03-05T11:15:00.000,DEP,Sewer,Catch Basin Clogged/Flooding (Use Comments) (SC),11375,QUEENS,40.72545499779578,-73.84780363380014,Closed,"The Department of Environment Protection inspected your complaint but could not find the problem you reported. If the condition persists, please call 311 (or 212-639-9675 if calling from a non-New York City area code) with more detailed information to submit a new complaint."
68151523,2026-02-27T13:05:00.000,2026-02-27T16:30:00.000,DEP,Sewer,Manhole Cover Missing (Emergency) (SA3),11411,QUEENS,40.6867768633966,-73.73134694439871,Closed,The Department of Environmental Protection has investigated this complaint and has performed repair work.
68302250,2026-03-12T10:18:00.000,,DEP,Sewer,Defective/Missing Curb Piece (SC4),11691,QUEENS,40.59624752245715,-73.75319393833381,Started,The Department of Environmental Protection has inspected your complaint and determined that further investigation is required. More information will be available once the condition is resolved. Please visit nyc.gov/311 or call 311 at a later time to check the status of your complaint.
64544693,2025-04-03T17:54:44.000,2026-01-22T15:39:50.000,DPR,Root/Sewer/Sidewalk Condition,Trees and Sidewalks Program,11364,QUEENS,40.7480759328252,-73.7586477767301,Closed,NYC Parks inspected and determined that the site is ineligible for the Trees and Sidewalks Program because of one or more of the following reasons:  - The property adjacent to the sidewalk is not in Tax Class 1 - The property adjacent to the sidewalk is not owner-occupied - The property adjacent to the sidewalk contains a place of business  You can repair the sidewalk yourself by hiring an independent contractor. The contractor must complete a Tree Work Permit application on the NYC Parks website.
57893903,2023-06-14T10:08:00.000,2025-12-10T12:30:00.000,DEP,Sewer,Catch Basin Sunken/Damaged/Raised (SC1),11370,QUEENS,40.76113550991519,-73.88725626474768,Closed,"The Department of Environmental Protection has investigated this complaint. Upon investigation, a defect was found done."
65009186,2025-05-20T13:33:10.000,2026-01-29T17:14:52.000,DPR,Root/Sewer/Sidewalk Condition,Trees and Sidewalks Program,11105,QUEENS,40.7755944921902,-73.91578400090522,Closed,"NYC Parks inspected and determined this site does not rate high enough to be repaired by NYC Parks at this time.   We understand conditions may become worse over time. In three years, you may submit a service request via 311, the Parks website, or NYC Tree Map for a new inspection.   You can repair the sidewalk yourself by hiring an independent contractor. The contractor must complete a Tree Work Permit application on the NYC Parks website."
64844769,2025-05-04T11:55:10.000,2026-01-22T15:39:50.000,DPR,Root/Sewer/Sidewalk Condition,Trees and Sidewalks Program,11364,QUEENS,40.745826084260955,-73.76570780790831,Closed,NYC Parks inspected and determined that the site is ineligible for the Trees and Sidewalks Program because of one or more of the following reasons:  - The property adjacent to the sidewalk is not in Tax Class 1 - The property adjacent to the sidewalk is not owner-occupied - The property adjacent to the sidewalk contains a place of business  You can repair the sidewalk yourself by hiring an independent contractor. The contractor must complete a Tree Work Permit application on the NYC Parks website.
65221667,2025-06-10T11:46:27.000,2026-04-17T14:57:16.000,DPR,Root/Sewer/Sidewalk Condition,Trees and Sidewalks Program,11365,QUEENS,40.73289555694174,-73.78991407479381,Closed,"NYC Parks inspected and determined this site does not rate high enough to be repaired by NYC Parks at this time.   We understand conditions may become worse over time. In three years, you may submit a service request via 311, the Parks website, or NYC Tree Map for a new inspection.   You can repair the sidewalk yourself by hiring an independent contractor. The contractor must complete a Tree Work Permit application on the NYC Parks website."
60176540,2024-01-29T11:53:00.000,2026-01-03T09:55:00.000,DEP,Sewer,Catch Basin Sunken/Damaged/Raised (SC1),11416,QUEENS,40.68518382699114,-73.8542198694312,Closed,"The Department of Environmental Protection has investigated this complaint. Upon investigation, a defect was found done."
65777796,2025-08-06T18:14:41.000,2026-04-07T10:28:16.000,DPR,Root/Sewer/Sidewalk Condition,Trees and Sidewalks Program,11426,QUEENS,40.73498370198509,-73.71438451539308,Closed,"NYC Parks inspected and determined this site does not rate high enough to be repaired by NYC Parks at this time.   We understand conditions may become worse over time. In three years, you may submit a service request via 311, the Parks website, or NYC Tree Map for a new inspection.   You can repair the sidewalk yourself by hiring an independent contractor. The contractor must complete a Tree Work Permit application on the NYC Parks website."
65828613,2025-08-12T08:47:51.000,2026-04-07T11:33:29.000,DPR,Root/Sewer/Sidewalk Condition,Trees and Sidewalks Program,11426,QUEENS,40.73830414447302,-73.71631167863792,Closed,"NYC Parks inspected the requested repair site. This site meets the criteria for repair under the Trees & Sidewalks Program. The timeframe for repair work depends on available funding for the program, the severity of damage, and the other sidewalk requests in the surrounding district."
68379795,2026-03-19T09:04:00.000,2026-03-23T12:05:00.000,DEP,Sewer,Catch Basin Sunken/Damaged/Raised (SC1),11375,QUEENS,40.714554732301664,-73.83145884317784,Closed,"The Department of Environment Protection inspected your complaint but could not find the problem you reported. If the condition persists, please call 311 (or 212-639-9675 if calling from a non-New York City area code) with more detailed information to submit a new complaint."
65917365,2025-08-22T14:20:47.000,2026-04-07T10:28:16.000,DPR,Root/Sewer/Sidewalk Condition,Trees and Sidewalks Program,11426,QUEENS,40.731472741486236,-73.72093757563418,Closed,"NYC Parks inspected and determined this site does not rate high enough to be repaired by NYC Parks at this time.   We understand conditions may become worse over time. In three years, you may submit a service request via 311, the Parks website, or NYC Tree Map for a new inspection.   You can repair the sidewalk yourself by hiring an independent contractor. The contractor must complete a Tree Work Permit application on the NYC Parks website."
65918519,2025-08-22T16:41:47.000,2026-04-07T10:28:16.000,DPR,Root/Sewer/Sidewalk Condition,Trees and Sidewalks Program,11001,QUEENS,40.73372159876432,-73.70585630306742,Closed,"NYC Parks inspected and determined this site does not rate high enough to be repaired by NYC Parks at this time.   We understand conditions may become worse over time. In three years, you may submit a service request via 311, the Parks website, or NYC Tree Map for a new inspection.   You can repair the sidewalk yourself by hiring an independent contractor. The contractor must complete a Tree Work Permit application on the NYC Parks website."
66299834,2025-09-28T15:17:18.000,2026-04-17T10:24:17.000,DPR,Root/Sewer/Sidewalk Condition,Trees and Sidewalks Program,11422,QUEENS,40.66714210022551,-73.72962007735359,Closed,"NYC Parks inspected and determined this site does not rate high enough to be repaired by NYC Parks at this time.   We understand conditions may become worse over time. In three years, you may submit a service request via 311, the Parks website, or NYC Tree Map for a new inspection.   You can repair the sidewalk yourself by hiring an independent contractor. The contractor must complete a Tree Work Permit application on the NYC Parks website."
65221675,2025-06-10T11:28:57.000,2026-01-29T17:14:52.000,DPR,Root/Sewer/Sidewalk Condition,Trees and Sidewalks Program,11105,QUEENS,40.777553415307615,-73.91466944203317,Closed,"NYC Parks inspected and determined this site does not rate high enough to be repaired by NYC Parks at this time.   We understand conditions may become worse over time. In three years, you may submit a service request via 311, the Parks website, or NYC Tree Map for a new inspection.   You can repair the sidewalk yourself by hiring an independent contractor. The contractor must complete a Tree Work Permit application on the NYC Parks website."
66069908,2025-09-06T13:20:57.000,2026-04-07T10:28:17.000,DPR,Root/Sewer/Sidewalk Condition,Trees and Sidewalks Program,11001,QUEENS,40.73139466816611,-73.70610471392163,Closed,"NYC Parks inspected and determined this site does not rate high enough to be repaired by NYC Parks at this time.   We understand conditions may become worse over time. In three years, you may submit a service request via 311, the Parks website, or NYC Tree Map for a new inspection.   You can repair the sidewalk yourself by hiring an independent contractor. The contractor must complete a Tree Work Permit application on the NYC Parks website."
68390850,2026-03-20T18:37:00.000,2026-03-20T20:20:00.000,DEP,Sewer,Sewer Backup (Use Comments) (SA),11436,QUEENS,40.681759145378386,-73.80154058577727,Closed,"The Department of Environmental Protection has investigated this complaint. Upon investigation, there was no indication of a city sewer issue and there is a suspected sewer backup due to an internal plumbing issue."
68392220,2026-03-20T18:29:00.000,2026-03-20T19:45:00.000,DEP,Sewer,Sewer Backup (Use Comments) (SA),11372,QUEENS,40.752569545292964,-73.88765695766605,Closed,"The Department of Environmental Protection has investigated this complaint. Upon investigation, there was no indication of a city sewer issue and there is a suspected sewer backup due to an internal plumbing issue."
66585304,2025-10-23T14:47:47.000,2026-04-20T15:10:08.000,DPR,Root/Sewer/Sidewalk Condition,Trees and Sidewalks Program,11379,QUEENS,40.71799998609685,-73.89412202107626,Closed,"NYC Parks inspected and determined this site does not rate high enough to be repaired by NYC Parks at this time.   We understand conditions may become worse over time. In three years, you may submit a service request via 311, the Parks website, or NYC Tree Map for a new inspection.   You can repair the sidewalk yourself by hiring an independent contractor. The contractor must complete a Tree Work Permit application on the NYC Parks website."
65633345,2025-07-22T10:25:40.000,2026-01-15T12:06:30.000,DPR,Root/Sewer/Sidewalk Condition,Trees and Sidewalks Program,11385,QUEENS,40.703946413995936,-73.89371154136686,Closed,"NYC Parks inspected and determined this site does not rate high enough to be repaired by NYC Parks at this time.   We understand conditions may become worse over time. In three years, you may submit a service request via 311, the Parks website, or NYC Tree Map for a new inspection.   You can repair the sidewalk yourself by hiring an independent contractor. The contractor must complete a Tree Work Permit application on the NYC Parks website."
66253980,2025-09-23T08:47:43.000,2026-04-07T11:33:28.000,DPR,Root/Sewer/Sidewalk Condition,Trees and Sidewalks Program,11426,QUEENS,40.73973150971797,-73.72197474499956,Closed,"NYC Parks inspected and determined this site does not rate high enough to be repaired by NYC Parks at this time.   We understand conditions may become worse over time. In three years, you may submit a service request via 311, the Parks website, or NYC Tree Map for a new inspection.   You can repair the sidewalk yourself by hiring an independent contractor. The contractor must complete a Tree Work Permit application on the NYC Parks website."
66253985,2025-09-23T09:13:37.000,2026-04-07T11:33:29.000,DPR,Root/Sewer/Sidewalk Condition,Trees and Sidewalks Program,11426,QUEENS,40.73772877240841,-73.72122892275674,Closed,"NYC Parks inspected and determined this site does not rate high enough to be repaired by NYC Parks at this time.   We understand conditions may become worse over time. In three years, you may submit a service request via 311, the Parks website, or NYC Tree Map for a new inspection.   You can repair the sidewalk yourself by hiring an independent contractor. The contractor must complete a Tree Work Permit application on the NYC Parks website."
66259214,2025-09-24T09:20:02.000,2026-04-07T08:25:54.000,DPR,Root/Sewer/Sidewalk Condition,Trees and Sidewalks Program,11428,QUEENS,40.723118643851194,-73.73056909437946,Closed,"NYC Parks inspected and determined this site does not rate high enough to be repaired by NYC Parks at this time.   We understand conditions may become worse over time. In three years, you may submit a service request via 311, the Parks website, or NYC Tree Map for a new inspection.   You can repair the sidewalk yourself by hiring an independent contractor. The contractor must complete a Tree Work Permit application on the NYC Parks website."
68242435,2026-03-07T11:53:00.000,2026-03-07T12:15:00.000,DEP,Sewer,Sewer Backup (Use Comments) (SA),11436,QUEENS,40.68474167929146,-73.79935751067839,Closed,"The Department of Environmental Protection has investigated this complaint. Upon investigation, there was no indication of a city sewer issue and there is a suspected sewer backup due to an internal plumbing issue."
65184845,2025-06-06T10:45:37.000,2026-01-22T15:39:50.000,DPR,Root/Sewer/Sidewalk Condition,Trees and Sidewalks Program,11364,QUEENS,40.740480843101324,-73.74573464332231,Closed,NYC Parks inspected and determined that the site is ineligible for the Trees and Sidewalks Program because of one or more of the following reasons:  - The property adjacent to the sidewalk is not in Tax Class 1 - The property adjacent to the sidewalk is not owner-occupied - The property adjacent to the sidewalk contains a place of business  You can repair the sidewalk yourself by hiring an independent contractor. The contractor must complete a Tree Work Permit application on the NYC Parks website.
66398460,2025-10-07T06:34:00.000,2026-04-07T10:28:17.000,DPR,Root/Sewer/Sidewalk Condition,Trees and Sidewalks Program,11426,QUEENS,40.734595255013446,-73.71713934649063,Closed,"NYC Parks inspected the requested repair site. This site meets the criteria for repair under the Trees & Sidewalks Program. The timeframe for repair work depends on available funding for the program, the severity of damage, and the other sidewalk requests in the surrounding district."
68184313,2026-03-02T11:05:32.000,,DPR,Root/Sewer/Sidewalk Condition,Trees and Sidewalks Program,11374,QUEENS,40.73008105266382,-73.86879933748232,In Progress,
66459249,2025-10-12T08:07:05.000,2026-04-07T11:33:29.000,DPR,Root/Sewer/Sidewalk Condition,Trees and Sidewalks Program,11426,QUEENS,40.73681820984708,-73.71701443871613,Closed,"NYC Parks inspected and determined this site does not rate high enough to be repaired by NYC Parks at this time.   We understand conditions may become worse over time. In three years, you may submit a service request via 311, the Parks website, or NYC Tree Map for a new inspection.   You can repair the sidewalk yourself by hiring an independent contractor. The contractor must complete a Tree Work Permit application on the NYC Parks website."
68406427,2026-03-21T13:15:00.000,2026-03-21T14:35:00.000,DEP,Sewer,Sewer Backup (Use Comments) (SA),11423,QUEENS,40.71059805488719,-73.76219934340874,Closed,The Department of Environmental Protection investigated this complaint and found there was no sewer back up in the city system at the time of the inspection.
68184719,2026-03-02T21:50:00.000,2026-03-02T22:00:00.000,DEP,Sewer,Manhole Overflow (Use Comments) (SA1),11429,QUEENS,40.714207237412225,-73.73568049993274,Closed,The Department of Environmental Protection determined that this complaint is a duplicate of a previously filed complaint. The original complaint is being addressed.
65487483,2025-07-06T08:54:09.000,2026-01-29T17:14:52.000,DPR,Root/Sewer/Sidewalk Condition,Trees and Sidewalks Program,11105,QUEENS,40.77619688946054,-73.91758130806718,Closed,"NYC Parks inspected the requested repair site. This site meets the criteria for repair under the Trees & Sidewalks Program. The timeframe for repair work depends on available funding for the program, the severity of damage, and the other sidewalk requests in the surrounding district."
68407530,2026-03-21T16:32:00.000,2026-03-21T17:30:00.000,DEP,Sewer,Sewer Backup (Use Comments) (SA),11419,QUEENS,40.69104604516317,-73.82074000836708,Closed,The Department of Environmental Protection investigated this complaint and found there was no sewer back up in the city system at the time of the inspection.
65785528,2025-08-07T15:53:30.000,2026-01-29T17:14:53.000,DPR,Root/Sewer/Sidewalk Condition,Trees and Sidewalks Program,11105,QUEENS,40.7751858895785,-73.91628277017223,Closed,"NYC Parks inspected and determined this site does not rate high enough to be repaired by NYC Parks at this time.   We understand conditions may become worse over time. In three years, you may submit a service request via 311, the Parks website, or NYC Tree Map for a new inspection.   You can repair the sidewalk yourself by hiring an independent contractor. The contractor must complete a Tree Work Permit application on the NYC Parks website."
66708790,2025-11-03T12:33:44.000,2026-04-07T10:28:17.000,DPR,Root/Sewer/Sidewalk Condition,Trees and Sidewalks Program,11001,QUEENS,40.73243789568888,-73.70943411512475,Closed,"NYC Parks inspected and determined this site does not rate high enough to be repaired by NYC Parks at this time.   We understand conditions may become worse over time. In three years, you may submit a service request via 311, the Parks website, or NYC Tree Map for a new inspection.   You can repair the sidewalk yourself by hiring an independent contractor. The contractor must complete a Tree Work Permit application on the NYC Parks website."
66295320,2025-09-27T09:59:00.000,2025-09-27T12:00:00.000,DEP,Sewer,Sewer Backup (Use Comments) (SA),11414,QUEENS,40.65546218786843,-73.83894598107747,Closed,The Department of Environmental Protection has investigated this complaint. Surcharge conditions have been confirmed and attributed to grease. Work was performed to relieve the blockage.
68246306,2026-03-08T09:50:00.000,2026-03-08T11:15:00.000,DEP,Sewer,Sewer Backup (Use Comments) (SA),11373,QUEENS,40.74612723253511,-73.8901038638886,Closed,"The Department of Environmental Protection has investigated this complaint. Upon investigation, there was no indication of a city sewer issue and there is a suspected sewer backup due to an internal plumbing issue."
66122180,2025-09-11T10:51:50.000,2026-01-29T17:14:53.000,DPR,Root/Sewer/Sidewalk Condition,Trees and Sidewalks Program,11105,QUEENS,40.777121981479524,-73.91774264144502,Closed,"NYC Parks inspected and determined this site does not rate high enough to be repaired by NYC Parks at this time.   We understand conditions may become worse over time. In three years, you may submit a service request via 311, the Parks website, or NYC Tree Map for a new inspection.   You can repair the sidewalk yourself by hiring an independent contractor. The contractor must complete a Tree Work Permit application on the NYC Parks website."
66898624,2025-11-20T16:12:31.000,2026-04-07T08:25:56.000,DPR,Root/Sewer/Sidewalk Condition,Trees and Sidewalks Program,11426,QUEENS,40.73329312200977,-73.72460678106812,Closed,"NYC Parks inspected the requested repair site. This site meets the criteria for repair under the Trees & Sidewalks Program. The timeframe for repair work depends on available funding for the program, the severity of damage, and the other sidewalk requests in the surrounding district."
66424172,2025-10-09T18:13:20.000,2026-01-29T17:14:53.000,DPR,Root/Sewer/Sidewalk Condition,Trees and Sidewalks Program,11105,QUEENS,40.77585409370388,-73.9179969469344,Closed,"NYC Parks inspected the requested repair site. This site meets the criteria for repair under the Trees & Sidewalks Program. The timeframe for repair work depends on available funding for the program, the severity of damage, and the other sidewalk requests in the surrounding district."
68248968,2026-03-08T10:32:00.000,2026-03-08T11:55:00.000,DEP,Sewer,Sewer Backup (Use Comments) (SA),11413,QUEENS,40.657816292449084,-73.75071714217243,Closed,"The Department of Environmental Protection has investigated this complaint. Upon investigation, there was no indication of a city sewer issue and there is a suspected sewer backup due to an internal plumbing issue."
68414882,2026-03-22T15:05:00.000,2026-03-26T15:22:00.000,DEP,Sewer,RAIN GARDEN DEBRIS (GIRGD),11377,QUEENS,40.73941153500753,-73.90644740878967,Closed,"NYC DEP investigated and determined the infrastructure required cleaning, which was completed at the time pf the inspection."
66747928,2025-11-06T13:26:57.000,2026-01-30T02:30:33.000,DPR,Root/Sewer/Sidewalk Condition,Trees and Sidewalks Program,11377,QUEENS,40.734979681040414,-73.90098698477796,Closed,"NYC Parks inspected and determined this site does not rate high enough to be repaired by NYC Parks at this time.   We understand conditions may become worse over time. In three years, you may submit a service request via 311, the Parks website, or NYC Tree Map for a new inspection.   You can repair the sidewalk yourself by hiring an independent contractor. The contractor must complete a Tree Work Permit application on the NYC Parks website."
66812204,2025-11-12T19:45:11.000,2026-01-29T17:14:53.000,DPR,Root/Sewer/Sidewalk Condition,Trees and Sidewalks Program,11105,QUEENS,40.77855346196646,-73.91597884757167,Closed,"NYC Parks inspected and determined this site does not rate high enough to be repaired by NYC Parks at this time.   We understand conditions may become worse over time. In three years, you may submit a service request via 311, the Parks website, or NYC Tree Map for a new inspection.   You can repair the sidewalk yourself by hiring an independent contractor. The contractor must complete a Tree Work Permit application on the NYC Parks website."
66902957,2025-11-20T05:53:32.000,2026-01-29T17:14:54.000,DPR,Root/Sewer/Sidewalk Condition,Trees and Sidewalks Program,11105,QUEENS,40.775826669464124,-73.9180294757475,Closed,"NYC Parks inspected the requested repair site. This site meets the criteria for repair under the Trees & Sidewalks Program. The timeframe for repair work depends on available funding for the program, the severity of damage, and the other sidewalk requests in the surrounding district."
65278705,2025-06-16T20:49:39.000,2026-01-22T15:39:50.000,DPR,Root/Sewer/Sidewalk Condition,Trees and Sidewalks Program,11364,QUEENS,40.737788787029196,-73.75228714914833,Closed,"NYC Parks inspected the requested repair site. This site meets the criteria for repair under the Trees & Sidewalks Program. The timeframe for repair work depends on available funding for the program, the severity of damage, and the other sidewalk requests in the surrounding district."
63370880,2024-12-12T14:13:13.000,2025-12-18T12:17:47.000,DPR,Root/Sewer/Sidewalk Condition,Trees and Sidewalks Program,11419,QUEENS,40.69438421125891,-73.8193174201701,Closed,"NYC Parks inspected the requested repair site. This site meets the criteria for repair under the Trees & Sidewalks Program. The timeframe for repair work depends on available funding for the program, the severity of damage, and the other sidewalk requests in the surrounding district."
63418446,2024-12-16T09:11:00.000,2024-12-16T10:50:00.000,DEP,Sewer,Sewer Backup (Use Comments) (SA),11357,QUEENS,40.79011384463809,-73.80791302082201,Closed,The Department of Environmental Protection has investigated this complaint. Surcharge conditions have been confirmed and attributed to grease. Work was performed to relieve the blockage.
65390658,2025-06-27T17:12:37.000,2026-01-22T12:57:05.000,DPR,Root/Sewer/Sidewalk Condition,Trees and Sidewalks Program,11369,QUEENS,40.761878023221975,-73.87035389645047,Closed,"The Service Request submitted did not have sufficient location or complaint information for NYC Parks to respond.  Please submit a new Service Request with adequate site details, including a full street address and descriptive location information."
65432143,2025-07-01T11:45:11.000,2026-01-22T12:57:05.000,DPR,Root/Sewer/Sidewalk Condition,Trees and Sidewalks Program,11369,QUEENS,40.76733944205283,-73.87225300917007,Closed,"NYC Parks inspected and determined this site does not rate high enough to be repaired by NYC Parks at this time.   We understand conditions may become worse over time. In three years, you may submit a service request via 311, the Parks website, or NYC Tree Map for a new inspection.   You can repair the sidewalk yourself by hiring an independent contractor. The contractor must complete a Tree Work Permit application on the NYC Parks website."
65592941,2025-07-18T14:17:24.000,2026-01-22T15:39:50.000,DPR,Root/Sewer/Sidewalk Condition,Trees and Sidewalks Program,11364,QUEENS,40.744774426060474,-73.76017186171624,Closed,NYC Parks inspected and determined that the site is ineligible for the Trees and Sidewalks Program because of one or more of the following reasons:  - The property adjacent to the sidewalk is not in Tax Class 1 - The property adjacent to the sidewalk is not owner-occupied - The property adjacent to the sidewalk contains a place of business  You can repair the sidewalk yourself by hiring an independent contractor. The contractor must complete a Tree Work Permit application on the NYC Parks website.
65627186,2025-07-21T16:04:38.000,2026-01-22T15:39:51.000,DPR,Root/Sewer/Sidewalk Condition,Trees and Sidewalks Program,11364,QUEENS,40.74037248915099,-73.7439054699411,Closed,NYC Parks inspected and determined that the site is ineligible for the Trees and Sidewalks Program because of one or more of the following reasons:  - The property adjacent to the sidewalk is not in Tax Class 1 - The property adjacent to the sidewalk is not owner-occupied - The property adjacent to the sidewalk contains a place of business  You can repair the sidewalk yourself by hiring an independent contractor. The contractor must complete a Tree Work Permit application on the NYC Parks website.
65628376,2025-07-21T11:09:01.000,2026-01-22T15:39:50.000,DPR,Root/Sewer/Sidewalk Condition,Trees and Sidewalks Program,11364,QUEENS,40.74037248915099,-73.7439054699411,Closed,NYC Parks inspected and determined that the site is ineligible for the Trees and Sidewalks Program because of one or more of the following reasons:  - The property adjacent to the sidewalk is not in Tax Class 1 - The property adjacent to the sidewalk is not owner-occupied - The property adjacent to the sidewalk contains a place of business  You can repair the sidewalk yourself by hiring an independent contractor. The contractor must complete a Tree Work Permit application on the NYC Parks website.
65628378,2025-07-21T09:19:55.000,2026-01-22T15:39:50.000,DPR,Root/Sewer/Sidewalk Condition,Trees and Sidewalks Program,11364,QUEENS,40.74037248915099,-73.7439054699411,Closed,NYC Parks inspected and determined that the site is ineligible for the Trees and Sidewalks Program because of one or more of the following reasons:  - The property adjacent to the sidewalk is not in Tax Class 1 - The property adjacent to the sidewalk is not owner-occupied - The property adjacent to the sidewalk contains a place of business  You can repair the sidewalk yourself by hiring an independent contractor. The contractor must complete a Tree Work Permit application on the NYC Parks website.
65661866,2025-07-25T15:04:21.000,2026-01-22T12:57:05.000,DPR,Root/Sewer/Sidewalk Condition,Trees and Sidewalks Program,11369,QUEENS,40.76733944205283,-73.87225300917007,Closed,"NYC Parks inspected and determined this site does not rate high enough to be repaired by NYC Parks at this time.   We understand conditions may become worse over time. In three years, you may submit a service request via 311, the Parks website, or NYC Tree Map for a new inspection.   You can repair the sidewalk yourself by hiring an independent contractor. The contractor must complete a Tree Work Permit application on the NYC Parks website."
65734938,2025-08-02T13:13:56.000,2026-01-22T15:39:51.000,DPR,Root/Sewer/Sidewalk Condition,Trees and Sidewalks Program,11364,QUEENS,40.749605656713626,-73.7475404836041,Closed,NYC Parks inspected and determined that the site is ineligible for the Trees and Sidewalks Program because of one or more of the following reasons:  - The property adjacent to the sidewalk is not in Tax Class 1 - The property adjacent to the sidewalk is not owner-occupied - The property adjacent to the sidewalk contains a place of business  You can repair the sidewalk yourself by hiring an independent contractor. The contractor must complete a Tree Work Permit application on the NYC Parks website.
65771939,2025-08-05T17:32:20.000,2026-01-22T15:39:51.000,DPR,Root/Sewer/Sidewalk Condition,Trees and Sidewalks Program,11364,QUEENS,40.74944187899009,-73.74670378294276,Closed,NYC Parks inspected and determined that the site is ineligible for the Trees and Sidewalks Program because of one or more of the following reasons:  - The property adjacent to the sidewalk is not in Tax Class 1 - The property adjacent to the sidewalk is not owner-occupied - The property adjacent to the sidewalk contains a place of business  You can repair the sidewalk yourself by hiring an independent contractor. The contractor must complete a Tree Work Permit application on the NYC Parks website.
65829829,2025-08-12T14:29:03.000,2026-01-22T15:39:51.000,DPR,Root/Sewer/Sidewalk Condition,Trees and Sidewalks Program,11364,QUEENS,40.7454030815469,-73.76154459841545,Closed,"NYC Parks inspected the requested repair site. This site meets the criteria for repair under the Trees & Sidewalks Program. The timeframe for repair work depends on available funding for the program, the severity of damage, and the other sidewalk requests in the surrounding district."
65851707,2025-08-14T08:53:10.000,2026-01-22T15:39:52.000,DPR,Root/Sewer/Sidewalk Condition,Trees and Sidewalks Program,11364,QUEENS,40.74369892550977,-73.76572250606777,Closed,"NYC Parks inspected the requested repair site. This site meets the criteria for repair under the Trees & Sidewalks Program. The timeframe for repair work depends on available funding for the program, the severity of damage, and the other sidewalk requests in the surrounding district."
65915117,2025-08-21T17:30:54.000,2026-01-22T12:57:06.000,DPR,Root/Sewer/Sidewalk Condition,Trees and Sidewalks Program,11369,QUEENS,40.76132030797661,-73.86278528081709,Closed,"NYC Parks inspected the requested repair site. This site meets the criteria for repair under the Trees & Sidewalks Program. The timeframe for repair work depends on available funding for the program, the severity of damage, and the other sidewalk requests in the surrounding district."
63925187,2025-01-29T15:35:53.000,2025-12-18T12:17:48.000,DPR,Root/Sewer/Sidewalk Condition,Trees and Sidewalks Program,11419,QUEENS,40.69438421125891,-73.8193174201701,Closed,"NYC Parks inspected the requested repair site. This site meets the criteria for repair under the Trees & Sidewalks Program. The timeframe for repair work depends on available funding for the program, the severity of damage, and the other sidewalk requests in the surrounding district."
66025590,2025-09-02T17:11:44.000,2026-01-22T15:39:52.000,DPR,Root/Sewer/Sidewalk Condition,Trees and Sidewalks Program,11364,QUEENS,40.73779963402855,-73.75222576411062,Closed,NYC Parks inspected and determined that the site is ineligible for the Trees and Sidewalks Program because of one or more of the following reasons:  - The property adjacent to the sidewalk is not in Tax Class 1 - The property adjacent to the sidewalk is not owner-occupied - The property adjacent to the sidewalk contains a place of business  You can repair the sidewalk yourself by hiring an independent contractor. The contractor must complete a Tree Work Permit application on the NYC Parks website.
66053995,2025-09-04T13:37:00.000,2026-01-22T15:39:52.000,DPR,Root/Sewer/Sidewalk Condition,Trees and Sidewalks Program,11364,QUEENS,40.737984981540514,-73.75289986855036,Closed,NYC Parks inspected and determined that the site is ineligible for the Trees and Sidewalks Program because of one or more of the following reasons:  - The property adjacent to the sidewalk is not in Tax Class 1 - The property adjacent to the sidewalk is not owner-occupied - The property adjacent to the sidewalk contains a place of business  You can repair the sidewalk yourself by hiring an independent contractor. The contractor must complete a Tree Work Permit application on the NYC Parks website.
67583565,2026-01-23T11:02:00.000,2026-01-23T18:50:00.000,DEP,Sewer,Sewer Backup (Use Comments) (SA),11693,QUEENS,40.58967440518213,-73.81153200952554,Closed,The Department of Environmental Protection investigated this complaint and found there was no sewer back up in the city system at the time of the inspection.
66100932,2025-09-09T08:22:00.000,2025-09-09T09:30:00.000,DEP,Sewer,Sewer Backup (Use Comments) (SA),11434,QUEENS,40.69265721896331,-73.76708824944882,Closed,The Department of Environmental Protection has investigated this complaint. Surcharge conditions have been confirmed and attributed to grease. Work was performed to relieve the blockage.
64053229,2025-02-11T13:15:53.000,2025-12-18T14:17:33.000,DPR,Root/Sewer/Sidewalk Condition,Trees and Sidewalks Program,11417,QUEENS,40.6797022205978,-73.83760753770655,Closed,NYC Parks inspected and determined that the site is ineligible for the Trees and Sidewalks Program because of one or more of the following reasons:  - The property adjacent to the sidewalk is not in Tax Class 1 - The property adjacent to the sidewalk is not owner-occupied - The property adjacent to the sidewalk contains a place of business  You can repair the sidewalk yourself by hiring an independent contractor. The contractor must complete a Tree Work Permit application on the NYC Parks website.
67438775,2026-01-09T09:02:00.000,2026-01-20T08:10:00.000,DEP,Sewer,Catch Basin Clogged/Flooding (Use Comments) (SC),11691,QUEENS,40.60798529169167,-73.74360658022236,Closed,"The Department of Environmental Protection inspected your complaint and cleaned the catch basin or inlet. If the condition returns, please call 311 (or 212-639-9675 if calling from a non-New York City area code) to submit a new complaint."
67586429,2026-01-23T14:23:00.000,2026-01-23T16:55:00.000,DEP,Sewer,Sewer Backup (Use Comments) (SA),11433,QUEENS,40.70524530130627,-73.78135584305127,Closed,The Department of Environmental Protection investigated this complaint and found there was no sewer back up in the city system at the time of the inspection.
66346720,2025-10-02T12:19:08.000,2026-01-22T15:39:53.000,DPR,Root/Sewer/Sidewalk Condition,Trees and Sidewalks Program,11364,QUEENS,40.749605656713626,-73.7475404836041,Closed,NYC Parks inspected and determined that the site is ineligible for the Trees and Sidewalks Program because of one or more of the following reasons:  - The property adjacent to the sidewalk is not in Tax Class 1 - The property adjacent to the sidewalk is not owner-occupied - The property adjacent to the sidewalk contains a place of business  You can repair the sidewalk yourself by hiring an independent contractor. The contractor must complete a Tree Work Permit application on the NYC Parks website.
64208954,2025-02-27T11:17:02.000,2025-12-18T13:50:00.000,DPR,Root/Sewer/Sidewalk Condition,Trees and Sidewalks Program,11414,QUEENS,40.65043575019566,-73.84038881492239,Closed,"NYC Parks inspected and determined this site does not rate high enough to be repaired by NYC Parks at this time.   We understand conditions may become worse over time. In three years, you may submit a service request via 311, the Parks website, or NYC Tree Map for a new inspection.   You can repair the sidewalk yourself by hiring an independent contractor. The contractor must complete a Tree Work Permit application on the NYC Parks website."
66398464,2025-10-07T10:31:45.000,2026-01-22T12:57:06.000,DPR,Root/Sewer/Sidewalk Condition,Trees and Sidewalks Program,11369,QUEENS,40.76604022817877,-73.8689631519858,Closed,"NYC Parks inspected and determined this site does not rate high enough to be repaired by NYC Parks at this time.   We understand conditions may become worse over time. In three years, you may submit a service request via 311, the Parks website, or NYC Tree Map for a new inspection.   You can repair the sidewalk yourself by hiring an independent contractor. The contractor must complete a Tree Work Permit application on the NYC Parks website."
66421600,2025-10-09T17:26:27.000,2026-01-22T15:39:53.000,DPR,Root/Sewer/Sidewalk Condition,Trees and Sidewalks Program,11364,QUEENS,40.7428657637289,-73.76231152474206,Closed,NYC Parks inspected and determined that the site is ineligible for the Trees and Sidewalks Program because of one or more of the following reasons:  - The property adjacent to the sidewalk is not in Tax Class 1 - The property adjacent to the sidewalk is not owner-occupied - The property adjacent to the sidewalk contains a place of business  You can repair the sidewalk yourself by hiring an independent contractor. The contractor must complete a Tree Work Permit application on the NYC Parks website.
64307947,2025-03-10T11:56:33.000,2025-12-22T15:07:09.000,DPR,Root/Sewer/Sidewalk Condition,Trees and Sidewalks Program,11692,QUEENS,40.59819271960434,-73.79769827598537,Closed,"NYC Parks inspected and determined this site does not rate high enough to be repaired by NYC Parks at this time.   We understand conditions may become worse over time. In three years, you may submit a service request via 311, the Parks website, or NYC Tree Map for a new inspection.   You can repair the sidewalk yourself by hiring an independent contractor. The contractor must complete a Tree Work Permit application on the NYC Parks website."
64313205,2025-03-10T16:44:09.000,2025-12-18T10:30:55.000,DPR,Root/Sewer/Sidewalk Condition,Trees and Sidewalks Program,11378,QUEENS,40.718888711823574,-73.9061118609759,Closed,"NYC Parks inspected the requested repair site. This site meets the criteria for repair under the Trees & Sidewalks Program. The timeframe for repair work depends on available funding for the program, the severity of damage, and the other sidewalk requests in the surrounding district."
66521903,2025-10-17T21:50:44.000,2026-01-22T12:57:06.000,DPR,Root/Sewer/Sidewalk Condition,Trees and Sidewalks Program,11369,QUEENS,40.76430894954741,-73.86954053835356,Closed,"NYC Parks inspected the requested repair site. This site meets the criteria for repair under the Trees & Sidewalks Program. The timeframe for repair work depends on available funding for the program, the severity of damage, and the other sidewalk requests in the surrounding district."
64386224,2025-03-17T16:52:40.000,2025-12-18T13:59:21.000,DPR,Root/Sewer/Sidewalk Condition,Trees and Sidewalks Program,11414,QUEENS,40.6562735295762,-73.84210120880063,Closed,"NYC Parks inspected the requested repair site. This site meets the criteria for repair under the Trees & Sidewalks Program. The timeframe for repair work depends on available funding for the program, the severity of damage, and the other sidewalk requests in the surrounding district."
65229662,2025-06-10T13:01:00.000,2025-12-31T11:15:20.000,DPR,Root/Sewer/Sidewalk Condition,Trees and Sidewalks Program,11420,QUEENS,40.677078510560385,-73.81939314763305,Closed,"NYC Parks inspected the requested repair site. This site meets the criteria for repair under the Trees & Sidewalks Program. However due to a high number of requests, they are only able to repair the very highest sites at this time, and your site has been waitlisted."
68424881,2026-03-23T08:02:00.000,2026-03-25T09:30:00.000,DEP,Sewer,Catch Basin Clogged/Flooding (Use Comments) (SC),11040,QUEENS,40.73910919499091,-73.70038354802529,Closed,"The Department of Environmental Protection inspected your complaint and cleaned the catch basin or inlet. If the condition returns, please call 311 (or 212-639-9675 if calling from a non-New York City area code) to submit a new complaint."
64525537,2025-04-01T08:21:26.000,2025-12-22T15:13:11.000,DPR,Root/Sewer/Sidewalk Condition,Trees and Sidewalks Program,11694,QUEENS,40.57713760518262,-73.84360942678714,Closed,NYC Parks inspected and determined that the site is ineligible for the Trees and Sidewalks Program because of one or more of the following reasons:  - The property adjacent to the sidewalk is not in Tax Class 1 - The property adjacent to the sidewalk is not owner-occupied - The property adjacent to the sidewalk contains a place of business  You can repair the sidewalk yourself by hiring an independent contractor. The contractor must complete a Tree Work Permit application on the NYC Parks website.
68263775,2026-03-09T11:16:00.000,2026-03-15T00:00:00.000,DEP,Sewer,Catch Basin Clogged/Flooding (Use Comments) (SC),11421,QUEENS,40.68574734914782,-73.86157063103518,Closed,"The Department of Environmental Protection inspected your complaint and cleaned the catch basin or inlet. If the condition returns, please call 311 (or 212-639-9675 if calling from a non-New York City area code) to submit a new complaint."
68263784,2026-03-09T19:45:00.000,2026-03-09T20:45:00.000,DEP,Sewer,Manhole Cover Missing (Emergency) (SA3),11420,QUEENS,40.68095374079933,-73.80567120120001,Closed,"The Department of Environment Protection inspected your complaint but could not find the problem you reported. If the condition persists, please call 311 (or 212-639-9675 if calling from a non-New York City area code) with more detailed information to submit a new complaint."
64598699,2025-04-09T18:49:04.000,2025-12-18T12:58:59.000,DPR,Root/Sewer/Sidewalk Condition,Trees and Sidewalks Program,11420,QUEENS,40.6768381253219,-73.8132397095714,Closed,"NYC Parks inspected the requested repair site. This site meets the criteria for repair under the Trees & Sidewalks Program. The timeframe for repair work depends on available funding for the program, the severity of damage, and the other sidewalk requests in the surrounding district."
64602733,2025-04-09T18:47:23.000,2025-12-18T12:58:58.000,DPR,Root/Sewer/Sidewalk Condition,Trees and Sidewalks Program,11420,QUEENS,40.6768381253219,-73.8132397095714,Closed,"NYC Parks inspected the requested repair site. This site meets the criteria for repair under the Trees & Sidewalks Program. The timeframe for repair work depends on available funding for the program, the severity of damage, and the other sidewalk requests in the surrounding district."
64663277,2025-04-16T14:23:57.000,2025-12-18T13:53:01.000,DPR,Root/Sewer/Sidewalk Condition,Trees and Sidewalks Program,11417,QUEENS,40.67580888992824,-73.85961563848122,Closed,"NYC Parks inspected the requested repair site. This site meets the criteria for repair under the Trees & Sidewalks Program. The timeframe for repair work depends on available funding for the program, the severity of damage, and the other sidewalk requests in the surrounding district."
64665945,2025-04-16T14:30:52.000,2025-12-18T12:01:17.000,DPR,Root/Sewer/Sidewalk Condition,Trees and Sidewalks Program,11432,QUEENS,40.72407548029259,-73.79078970398605,Closed,"NYC Parks inspected and determined this site does not rate high enough to be repaired by NYC Parks at this time.   We understand conditions may become worse over time. In three years, you may submit a service request via 311, the Parks website, or NYC Tree Map for a new inspection.   You can repair the sidewalk yourself by hiring an independent contractor. The contractor must complete a Tree Work Permit application on the NYC Parks website."
64714101,2025-04-21T12:31:56.000,2025-12-18T12:48:40.000,DPR,Root/Sewer/Sidewalk Condition,Trees and Sidewalks Program,11414,QUEENS,40.66467419476013,-73.83352052086579,Closed,"NYC Parks inspected the requested repair site. This site meets the criteria for repair under the Trees & Sidewalks Program. The timeframe for repair work depends on available funding for the program, the severity of damage, and the other sidewalk requests in the surrounding district."
64742181,2025-04-24T10:32:47.000,2025-12-18T13:56:19.000,DPR,Root/Sewer/Sidewalk Condition,Trees and Sidewalks Program,11414,QUEENS,40.65864370960536,-73.85141611601706,Closed,"NYC Parks inspected the requested repair site. This site meets the criteria for repair under the Trees & Sidewalks Program. The timeframe for repair work depends on available funding for the program, the severity of damage, and the other sidewalk requests in the surrounding district."
64742353,2025-04-24T20:08:34.000,2025-12-18T13:37:30.000,DPR,Root/Sewer/Sidewalk Condition,Trees and Sidewalks Program,11417,QUEENS,40.674067411135326,-73.85201624399134,Closed,"NYC Parks inspected and determined this site does not rate high enough to be repaired by NYC Parks at this time.   We understand conditions may become worse over time. In three years, you may submit a service request via 311, the Parks website, or NYC Tree Map for a new inspection.   You can repair the sidewalk yourself by hiring an independent contractor. The contractor must complete a Tree Work Permit application on the NYC Parks website."
64767903,2025-04-26T12:01:33.000,2025-12-22T11:58:37.000,DPR,Root/Sewer/Sidewalk Condition,Trees and Sidewalks Program,11422,QUEENS,40.65957273494038,-73.73946882402343,Closed,NYC Parks inspected and determined that the site is ineligible for the Trees and Sidewalks Program because of one or more of the following reasons:  - The property adjacent to the sidewalk is not in Tax Class 1 - The property adjacent to the sidewalk is not owner-occupied - The property adjacent to the sidewalk contains a place of business  You can repair the sidewalk yourself by hiring an independent contractor. The contractor must complete a Tree Work Permit application on the NYC Parks website.
64784817,2025-04-28T15:42:29.000,2025-12-22T15:25:29.000,DPR,Root/Sewer/Sidewalk Condition,Trees and Sidewalks Program,11691,QUEENS,40.59919979326413,-73.74761224447133,Closed,"NYC Parks inspected and determined this site does not rate high enough to be repaired by NYC Parks at this time.   We understand conditions may become worse over time. In three years, you may submit a service request via 311, the Parks website, or NYC Tree Map for a new inspection.   You can repair the sidewalk yourself by hiring an independent contractor. The contractor must complete a Tree Work Permit application on the NYC Parks website."
64787366,2025-04-28T12:45:02.000,2025-12-22T14:32:57.000,DPR,Root/Sewer/Sidewalk Condition,Trees and Sidewalks Program,11411,QUEENS,40.68770427669194,-73.74077959523719,Closed,"NYC Parks inspected and determined this site does not rate high enough to be repaired by NYC Parks at this time.   We understand conditions may become worse over time. In three years, you may submit a service request via 311, the Parks website, or NYC Tree Map for a new inspection.   You can repair the sidewalk yourself by hiring an independent contractor. The contractor must complete a Tree Work Permit application on the NYC Parks website."
64795339,2025-04-29T18:35:58.000,2025-12-22T15:19:26.000,DPR,Root/Sewer/Sidewalk Condition,Trees and Sidewalks Program,11691,QUEENS,40.60331532965644,-73.7636042136156,Closed,"NYC Parks inspected the requested repair site. This site meets the criteria for repair under the Trees & Sidewalks Program. The timeframe for repair work depends on available funding for the program, the severity of damage, and the other sidewalk requests in the surrounding district."
64804917,2025-04-30T10:55:43.000,2025-12-22T09:12:33.000,DPR,Root/Sewer/Sidewalk Condition,Trees and Sidewalks Program,11362,QUEENS,40.75799806926027,-73.72090946736853,Closed,"NYC Parks inspected and determined this site does not rate high enough to be repaired by NYC Parks at this time.   We understand conditions may become worse over time. In three years, you may submit a service request via 311, the Parks website, or NYC Tree Map for a new inspection.   You can repair the sidewalk yourself by hiring an independent contractor. The contractor must complete a Tree Work Permit application on the NYC Parks website."
64807646,2025-04-30T17:28:56.000,2025-12-18T13:18:32.000,DPR,Root/Sewer/Sidewalk Condition,Trees and Sidewalks Program,11420,QUEENS,40.664741893341244,-73.81495329957104,Closed,"NYC Parks inspected and determined this site does not rate high enough to be repaired by NYC Parks at this time.   We understand conditions may become worse over time. In three years, you may submit a service request via 311, the Parks website, or NYC Tree Map for a new inspection.   You can repair the sidewalk yourself by hiring an independent contractor. The contractor must complete a Tree Work Permit application on the NYC Parks website."
64819849,2025-05-01T18:01:29.000,2025-12-22T15:13:11.000,DPR,Root/Sewer/Sidewalk Condition,Trees and Sidewalks Program,11694,QUEENS,40.57713760518262,-73.84360942678714,Closed,NYC Parks inspected and determined that the site is ineligible for the Trees and Sidewalks Program because of one or more of the following reasons:  - The property adjacent to the sidewalk is not in Tax Class 1 - The property adjacent to the sidewalk is not owner-occupied - The property adjacent to the sidewalk contains a place of business  You can repair the sidewalk yourself by hiring an independent contractor. The contractor must complete a Tree Work Permit application on the NYC Parks website.
64826024,2025-05-02T12:17:58.000,2025-12-22T15:13:24.000,DPR,Root/Sewer/Sidewalk Condition,Trees and Sidewalks Program,11694,QUEENS,40.57882148582628,-73.84457746080399,Closed,"NYC Parks inspected and determined this site does not rate high enough to be repaired by NYC Parks at this time.   We understand conditions may become worse over time. In three years, you may submit a service request via 311, the Parks website, or NYC Tree Map for a new inspection.   You can repair the sidewalk yourself by hiring an independent contractor. The contractor must complete a Tree Work Permit application on the NYC Parks website."
64841113,2025-05-03T16:01:21.000,2025-12-22T15:07:10.000,DPR,Root/Sewer/Sidewalk Condition,Trees and Sidewalks Program,11691,QUEENS,40.596347885898396,-73.76981156831377,Closed,"NYC Parks inspected and determined this site does not rate high enough to be repaired by NYC Parks at this time.   We understand conditions may become worse over time. In three years, you may submit a service request via 311, the Parks website, or NYC Tree Map for a new inspection.   You can repair the sidewalk yourself by hiring an independent contractor. The contractor must complete a Tree Work Permit application on the NYC Parks website."
64849689,2025-05-04T13:09:36.000,2025-12-22T15:04:08.000,DPR,Root/Sewer/Sidewalk Condition,Trees and Sidewalks Program,11691,QUEENS,40.611859796240225,-73.77169579642172,Closed,"NYC Parks inspected and determined this site does not rate high enough to be repaired by NYC Parks at this time.   We understand conditions may become worse over time. In three years, you may submit a service request via 311, the Parks website, or NYC Tree Map for a new inspection.   You can repair the sidewalk yourself by hiring an independent contractor. The contractor must complete a Tree Work Permit application on the NYC Parks website."
64850753,2025-05-05T19:52:19.000,2025-12-18T12:48:40.000,DPR,Root/Sewer/Sidewalk Condition,Trees and Sidewalks Program,11414,QUEENS,40.66458633071351,-73.83349911289571,Closed,"NYC Parks inspected the requested repair site. This site meets the criteria for repair under the Trees & Sidewalks Program. The timeframe for repair work depends on available funding for the program, the severity of damage, and the other sidewalk requests in the surrounding district."
66930888,2025-11-23T12:35:00.000,2025-11-23T19:00:00.000,DEP,Sewer,Sewer Backup (Use Comments) (SA),11428,QUEENS,40.7158446770937,-73.74612803457954,Closed,The Department of Environmental Protection has investigated this complaint. Surcharge conditions have been confirmed and attributed to grease. Work was performed to relieve the blockage.
64891834,2025-05-09T11:04:58.000,2025-12-18T13:40:55.000,DPR,Root/Sewer/Sidewalk Condition,Trees and Sidewalks Program,11414,QUEENS,40.6691716305216,-73.8527228307207,Closed,"NYC Parks inspected and determined this site does not rate high enough to be repaired by NYC Parks at this time.   We understand conditions may become worse over time. In three years, you may submit a service request via 311, the Parks website, or NYC Tree Map for a new inspection.   You can repair the sidewalk yourself by hiring an independent contractor. The contractor must complete a Tree Work Permit application on the NYC Parks website."
64921527,2025-05-12T15:46:31.000,2025-12-22T15:25:29.000,DPR,Root/Sewer/Sidewalk Condition,Trees and Sidewalks Program,11691,QUEENS,40.59919979326413,-73.74761224447133,Closed,"NYC Parks inspected and determined this site does not rate high enough to be repaired by NYC Parks at this time.   We understand conditions may become worse over time. In three years, you may submit a service request via 311, the Parks website, or NYC Tree Map for a new inspection.   You can repair the sidewalk yourself by hiring an independent contractor. The contractor must complete a Tree Work Permit application on the NYC Parks website."
64934153,2025-05-13T14:20:05.000,2025-12-22T11:39:40.000,DPR,Root/Sewer/Sidewalk Condition,Trees and Sidewalks Program,11429,QUEENS,40.705854097436244,-73.72943420731943,Closed,"NYC Parks inspected the requested repair site. This site meets the criteria for repair under the Trees & Sidewalks Program. The timeframe for repair work depends on available funding for the program, the severity of damage, and the other sidewalk requests in the surrounding district."
64936772,2025-05-13T12:50:29.000,2025-12-18T13:15:12.000,DPR,Root/Sewer/Sidewalk Condition,Trees and Sidewalks Program,11419,QUEENS,40.68802035090914,-73.81838273007313,Closed,"NYC Parks inspected the requested repair site. This site meets the criteria for repair under the Trees & Sidewalks Program. The timeframe for repair work depends on available funding for the program, the severity of damage, and the other sidewalk requests in the surrounding district."
64944312,2025-05-14T10:27:05.000,2025-12-18T16:24:48.000,DPR,Root/Sewer/Sidewalk Condition,Trees and Sidewalks Program,11361,QUEENS,40.76055658276506,-73.76272849020742,Closed,"NYC Parks inspected and determined this site does not rate high enough to be repaired by NYC Parks at this time.   We understand conditions may become worse over time. In three years, you may submit a service request via 311, the Parks website, or NYC Tree Map for a new inspection.   You can repair the sidewalk yourself by hiring an independent contractor. The contractor must complete a Tree Work Permit application on the NYC Parks website."
67529168,2026-01-18T17:08:00.000,2026-01-24T11:45:00.000,DEP,Sewer,Catch Basin Clogged/Flooding (Use Comments) (SC),11417,QUEENS,40.67989061900578,-73.84082667486237,Closed,"The Department of Environmental Protection inspected your complaint and cleaned the catch basin or inlet. If the condition returns, please call 311 (or 212-639-9675 if calling from a non-New York City area code) to submit a new complaint."
64950867,2025-05-14T12:47:53.000,2025-12-18T13:59:20.000,DPR,Root/Sewer/Sidewalk Condition,Trees and Sidewalks Program,11417,QUEENS,40.68067159924272,-73.85009072048202,Closed,"NYC Parks inspected the requested repair site. This site meets the criteria for repair under the Trees & Sidewalks Program. The timeframe for repair work depends on available funding for the program, the severity of damage, and the other sidewalk requests in the surrounding district."
64959274,2025-05-15T15:50:12.000,2025-12-18T16:12:33.000,DPR,Root/Sewer/Sidewalk Condition,Trees and Sidewalks Program,11363,QUEENS,40.776165113318584,-73.74809691892101,Closed,"NYC Parks inspected the requested repair site. This site meets the criteria for repair under the Trees & Sidewalks Program. The timeframe for repair work depends on available funding for the program, the severity of damage, and the other sidewalk requests in the surrounding district."
64963384,2025-05-16T08:29:27.000,2025-12-22T14:48:31.000,DPR,Root/Sewer/Sidewalk Condition,Trees and Sidewalks Program,11422,QUEENS,40.66510218153687,-73.73889212130977,Closed,"NYC Parks inspected the requested repair site. This site meets the criteria for repair under the Trees & Sidewalks Program. The timeframe for repair work depends on available funding for the program, the severity of damage, and the other sidewalk requests in the surrounding district."
64967656,2025-05-16T10:22:45.000,2025-12-18T15:42:09.000,DPR,Root/Sewer/Sidewalk Condition,Trees and Sidewalks Program,11361,QUEENS,40.75633348991406,-73.77559701443754,Closed,"NYC Parks inspected and determined this site does not rate high enough to be repaired by NYC Parks at this time.   We understand conditions may become worse over time. In three years, you may submit a service request via 311, the Parks website, or NYC Tree Map for a new inspection.   You can repair the sidewalk yourself by hiring an independent contractor. The contractor must complete a Tree Work Permit application on the NYC Parks website."
67531843,2026-01-18T12:29:00.000,2026-01-19T20:30:00.000,DEP,Sewer,Street Flooding (SJ),11420,QUEENS,40.67608700326151,-73.8189848437307,Closed,"The Department of Environment Protection inspected your complaint but could not find the problem you reported. If the condition persists, please call 311 (or 212-639-9675 if calling from a non-New York City area code) with more detailed information to submit a new complaint."
64997010,2025-05-19T16:32:16.000,2025-12-18T16:21:37.000,DPR,Root/Sewer/Sidewalk Condition,Trees and Sidewalks Program,11364,QUEENS,40.75070955508483,-73.77006499504853,Closed,"NYC Parks inspected the requested repair site. This site meets the criteria for repair under the Trees & Sidewalks Program. The timeframe for repair work depends on available funding for the program, the severity of damage, and the other sidewalk requests in the surrounding district."
65002407,2025-05-19T19:36:23.000,2025-12-18T13:05:40.000,DPR,Root/Sewer/Sidewalk Condition,Trees and Sidewalks Program,11420,QUEENS,40.67220682858697,-73.82134580650605,Closed,"NYC Parks inspected the requested repair site. This site meets the criteria for repair under the Trees & Sidewalks Program. The timeframe for repair work depends on available funding for the program, the severity of damage, and the other sidewalk requests in the surrounding district."
65006165,2025-05-20T09:28:53.000,2025-12-18T12:04:45.000,DPR,Root/Sewer/Sidewalk Condition,Trees and Sidewalks Program,11419,QUEENS,40.68918229421913,-73.82070896017072,Closed,NYC Parks inspected and determined that the site is ineligible for the Trees and Sidewalks Program because of one or more of the following reasons:  - The property adjacent to the sidewalk is not in Tax Class 1 - The property adjacent to the sidewalk is not owner-occupied - The property adjacent to the sidewalk contains a place of business  You can repair the sidewalk yourself by hiring an independent contractor. The contractor must complete a Tree Work Permit application on the NYC Parks website.
65007724,2025-05-20T13:33:09.000,2025-12-18T12:52:10.000,DPR,Root/Sewer/Sidewalk Condition,Trees and Sidewalks Program,11420,QUEENS,40.67286843595456,-73.82499228643144,Closed,NYC Parks inspected and determined that the site is ineligible for the Trees and Sidewalks Program because of one or more of the following reasons:  - The property adjacent to the sidewalk is not in Tax Class 1 - The property adjacent to the sidewalk is not owner-occupied - The property adjacent to the sidewalk contains a place of business  You can repair the sidewalk yourself by hiring an independent contractor. The contractor must complete a Tree Work Permit application on the NYC Parks website.
65009188,2025-05-20T17:40:03.000,2025-12-18T15:10:38.000,DPR,Root/Sewer/Sidewalk Condition,Trees and Sidewalks Program,11427,QUEENS,40.73290210149189,-73.75958314911706,Closed,"NYC Parks inspected and determined this site does not rate high enough to be repaired by NYC Parks at this time.   We understand conditions may become worse over time. In three years, you may submit a service request via 311, the Parks website, or NYC Tree Map for a new inspection.   You can repair the sidewalk yourself by hiring an independent contractor. The contractor must complete a Tree Work Permit application on the NYC Parks website."
65010587,2025-05-20T09:43:53.000,2025-12-18T12:04:45.000,DPR,Root/Sewer/Sidewalk Condition,Trees and Sidewalks Program,11419,QUEENS,40.68918229421913,-73.82070896017072,Closed,NYC Parks inspected and determined that the site is ineligible for the Trees and Sidewalks Program because of one or more of the following reasons:  - The property adjacent to the sidewalk is not in Tax Class 1 - The property adjacent to the sidewalk is not owner-occupied - The property adjacent to the sidewalk contains a place of business  You can repair the sidewalk yourself by hiring an independent contractor. The contractor must complete a Tree Work Permit application on the NYC Parks website.
65024723,2025-05-21T18:40:06.000,2025-12-18T11:52:04.000,DPR,Root/Sewer/Sidewalk Condition,Trees and Sidewalks Program,11366,QUEENS,40.73568584073858,-73.77338965452326,Closed,"NYC Parks inspected and determined this site does not rate high enough to be repaired by NYC Parks at this time.   We understand conditions may become worse over time. In three years, you may submit a service request via 311, the Parks website, or NYC Tree Map for a new inspection.   You can repair the sidewalk yourself by hiring an independent contractor. The contractor must complete a Tree Work Permit application on the NYC Parks website."
65029968,2025-05-22T15:25:29.000,2025-12-22T14:14:19.000,DPR,Root/Sewer/Sidewalk Condition,Trees and Sidewalks Program,11004,QUEENS,40.755243300163954,-73.72017746029975,Closed,"NYC Parks inspected the requested repair site. This site meets the criteria for repair under the Trees & Sidewalks Program. The timeframe for repair work depends on available funding for the program, the severity of damage, and the other sidewalk requests in the surrounding district."
67024319,2025-12-02T12:02:44.000,2026-01-22T15:39:53.000,DPR,Root/Sewer/Sidewalk Condition,Trees and Sidewalks Program,11364,QUEENS,40.73779963402855,-73.75222576411062,Closed,NYC Parks inspected and determined that the site is ineligible for the Trees and Sidewalks Program because of one or more of the following reasons:  - The property adjacent to the sidewalk is not in Tax Class 1 - The property adjacent to the sidewalk is not owner-occupied - The property adjacent to the sidewalk contains a place of business  You can repair the sidewalk yourself by hiring an independent contractor. The contractor must complete a Tree Work Permit application on the NYC Parks website.
65089216,2025-05-28T16:44:41.000,2025-12-18T15:26:30.000,DPR,Root/Sewer/Sidewalk Condition,Trees and Sidewalks Program,11360,QUEENS,40.77465861147097,-73.77761491443296,Closed,"NYC Parks inspected and determined this site does not rate high enough to be repaired by NYC Parks at this time.   We understand conditions may become worse over time. In three years, you may submit a service request via 311, the Parks website, or NYC Tree Map for a new inspection.   You can repair the sidewalk yourself by hiring an independent contractor. The contractor must complete a Tree Work Permit application on the NYC Parks website."
65136091,2025-06-02T12:09:38.000,2025-12-18T13:02:19.000,DPR,Root/Sewer/Sidewalk Condition,Trees and Sidewalks Program,11420,QUEENS,40.67404495527708,-73.82078209899166,Closed,"NYC Parks inspected the requested repair site. This site meets the criteria for repair under the Trees & Sidewalks Program. The timeframe for repair work depends on available funding for the program, the severity of damage, and the other sidewalk requests in the surrounding district."
67543582,2026-01-20T16:29:00.000,2026-01-20T19:30:00.000,DEP,Sewer,Sewer Backup (Use Comments) (SA),11432,QUEENS,40.71185196927629,-73.80262329638767,Closed,The Department of Environmental Protection has investigated this complaint. Surcharge conditions have been confirmed and attributed to grease. Work was performed to relieve the blockage.
65144447,2025-06-02T15:22:14.000,2025-12-18T14:42:01.000,DPR,Root/Sewer/Sidewalk Condition,Trees and Sidewalks Program,11365,QUEENS,40.743942181579634,-73.77909241347834,Closed,"NYC Parks inspected the requested repair site. This site meets the criteria for repair under the Trees & Sidewalks Program. The timeframe for repair work depends on available funding for the program, the severity of damage, and the other sidewalk requests in the surrounding district."
65144448,2025-06-02T11:33:38.000,2025-12-22T15:25:29.000,DPR,Root/Sewer/Sidewalk Condition,Trees and Sidewalks Program,11691,QUEENS,40.59919979326413,-73.74761224447133,Closed,"NYC Parks inspected and determined this site does not rate high enough to be repaired by NYC Parks at this time.   We understand conditions may become worse over time. In three years, you may submit a service request via 311, the Parks website, or NYC Tree Map for a new inspection.   You can repair the sidewalk yourself by hiring an independent contractor. The contractor must complete a Tree Work Permit application on the NYC Parks website."
65147076,2025-06-03T14:16:23.000,2025-12-18T11:42:50.000,DPR,Root/Sewer/Sidewalk Condition,Trees and Sidewalks Program,11365,QUEENS,40.73189653147099,-73.79146152921537,Closed,NYC Parks performed the work necessary to correct the condition.
65151111,2025-06-03T09:23:15.000,2025-12-18T12:33:26.000,DPR,Root/Sewer/Sidewalk Condition,Trees and Sidewalks Program,11421,QUEENS,40.6898718399023,-73.8631090030308,Closed,"NYC Parks inspected the requested repair site. This site meets the criteria for repair under the Trees & Sidewalks Program. The timeframe for repair work depends on available funding for the program, the severity of damage, and the other sidewalk requests in the surrounding district."
67093219,2025-12-07T14:26:00.000,2025-12-07T17:40:00.000,DEP,Sewer,Sewer Backup (Use Comments) (SA),11420,QUEENS,40.668159441462706,-73.8035420289094,Closed,The Department of Environmental Protection has investigated this complaint. Surcharge conditions have been confirmed and attributed to grease. Work was performed to relieve the blockage.
65163509,2025-06-04T14:38:02.000,2025-12-18T13:05:42.000,DPR,Root/Sewer/Sidewalk Condition,Trees and Sidewalks Program,11420,QUEENS,40.66959837140555,-73.81726853703681,Closed,NYC Parks inspected and determined that the site is ineligible for the Trees and Sidewalks Program because of one or more of the following reasons:  - The property adjacent to the sidewalk is not in Tax Class 1 - The property adjacent to the sidewalk is not owner-occupied - The property adjacent to the sidewalk contains a place of business  You can repair the sidewalk yourself by hiring an independent contractor. The contractor must complete a Tree Work Permit application on the NYC Parks website.
65163510,2025-06-04T07:35:28.000,2025-12-18T12:36:27.000,DPR,Root/Sewer/Sidewalk Condition,Trees and Sidewalks Program,11421,QUEENS,40.69009730539229,-73.86114691919501,Closed,"NYC Parks inspected and determined this site does not rate high enough to be repaired by NYC Parks at this time.   We understand conditions may become worse over time. In three years, you may submit a service request via 311, the Parks website, or NYC Tree Map for a new inspection.   You can repair the sidewalk yourself by hiring an independent contractor. The contractor must complete a Tree Work Permit application on the NYC Parks website."
65167696,2025-06-05T07:37:21.000,2025-12-18T16:03:30.000,DPR,Root/Sewer/Sidewalk Condition,Trees and Sidewalks Program,11362,QUEENS,40.7628477407682,-73.73831760903126,Closed,"NYC Parks inspected the requested repair site. This site meets the criteria for repair under the Trees & Sidewalks Program. The timeframe for repair work depends on available funding for the program, the severity of damage, and the other sidewalk requests in the surrounding district."
67545282,2026-01-20T21:32:00.000,2026-01-21T00:40:00.000,DEP,Sewer,Sewer Backup (Use Comments) (SA),11433,QUEENS,40.69391779771837,-73.79487271682491,Closed,The Department of Environmental Protection investigated this complaint and found there was no sewer back up in the city system at the time of the inspection.
65733531,2025-08-01T08:56:46.000,2025-12-31T13:51:33.000,DPR,Root/Sewer/Sidewalk Condition,Trees and Sidewalks Program,11365,QUEENS,40.732250871624345,-73.7916083568027,Closed,"NYC Parks inspected and determined this site does not rate high enough to be repaired by NYC Parks at this time.   We understand conditions may become worse over time. In three years, you may submit a service request via 311, the Parks website, or NYC Tree Map for a new inspection.   You can repair the sidewalk yourself by hiring an independent contractor. The contractor must complete a Tree Work Permit application on the NYC Parks website."
65208302,2025-06-08T22:07:53.000,2025-12-18T12:04:17.000,DPR,Root/Sewer/Sidewalk Condition,Trees and Sidewalks Program,11427,QUEENS,40.722446240744446,-73.75908332356862,Closed,"NYC Parks inspected and determined this site does not rate high enough to be repaired by NYC Parks at this time.   We understand conditions may become worse over time. In three years, you may submit a service request via 311, the Parks website, or NYC Tree Map for a new inspection.   You can repair the sidewalk yourself by hiring an independent contractor. The contractor must complete a Tree Work Permit application on the NYC Parks website."
65209553,2025-06-09T12:04:57.000,2025-12-22T10:42:32.000,DPR,Root/Sewer/Sidewalk Condition,Trees and Sidewalks Program,11412,QUEENS,40.68985532907892,-73.75934171035543,Closed,"NYC Parks inspected the requested repair site. This site meets the criteria for repair under the Trees & Sidewalks Program. The timeframe for repair work depends on available funding for the program, the severity of damage, and the other sidewalk requests in the surrounding district."
65212273,2025-06-09T13:31:27.000,2025-12-22T09:40:32.000,DPR,Root/Sewer/Sidewalk Condition,Trees and Sidewalks Program,11435,QUEENS,40.68538119388591,-73.80412588863204,Closed,"NYC Parks inspected the requested repair site. This site meets the criteria for repair under the Trees & Sidewalks Program. The timeframe for repair work depends on available funding for the program, the severity of damage, and the other sidewalk requests in the surrounding district."
65214981,2025-06-09T13:41:13.000,2025-12-22T10:42:32.000,DPR,Root/Sewer/Sidewalk Condition,Trees and Sidewalks Program,11412,QUEENS,40.68985532907892,-73.75934171035543,Closed,"NYC Parks inspected the requested repair site. This site meets the criteria for repair under the Trees & Sidewalks Program. The timeframe for repair work depends on available funding for the program, the severity of damage, and the other sidewalk requests in the surrounding district."
65222962,2025-06-10T15:43:12.000,2025-12-22T09:00:24.000,DPR,Root/Sewer/Sidewalk Condition,Trees and Sidewalks Program,11360,QUEENS,40.77685941621238,-73.7745421427667,Closed,"NYC Parks inspected the requested repair site. This site meets the criteria for repair under the Trees & Sidewalks Program. The timeframe for repair work depends on available funding for the program, the severity of damage, and the other sidewalk requests in the surrounding district."
65222963,2025-06-10T15:15:29.000,2025-12-22T14:51:33.000,DPR,Root/Sewer/Sidewalk Condition,Trees and Sidewalks Program,11411,QUEENS,40.69893997346995,-73.74258599721368,Closed,"NYC Parks inspected and determined this site does not rate high enough to be repaired by NYC Parks at this time.   We understand conditions may become worse over time. In three years, you may submit a service request via 311, the Parks website, or NYC Tree Map for a new inspection.   You can repair the sidewalk yourself by hiring an independent contractor. The contractor must complete a Tree Work Permit application on the NYC Parks website."
65229663,2025-06-10T12:40:12.000,2025-12-18T12:11:45.000,DPR,Root/Sewer/Sidewalk Condition,Trees and Sidewalks Program,11418,QUEENS,40.69824053257624,-73.83383340286399,Closed,"NYC Parks inspected and determined this site does not rate high enough to be repaired by NYC Parks at this time.   We understand conditions may become worse over time. In three years, you may submit a service request via 311, the Parks website, or NYC Tree Map for a new inspection.   You can repair the sidewalk yourself by hiring an independent contractor. The contractor must complete a Tree Work Permit application on the NYC Parks website."
65233937,2025-06-11T16:10:47.000,2025-12-18T13:47:00.000,DPR,Root/Sewer/Sidewalk Condition,Trees and Sidewalks Program,11414,QUEENS,40.6582580754289,-73.84620169648964,Closed,"NYC Parks inspected the requested repair site. This site meets the criteria for repair under the Trees & Sidewalks Program. The timeframe for repair work depends on available funding for the program, the severity of damage, and the other sidewalk requests in the surrounding district."
65235366,2025-06-11T13:43:44.000,2025-12-18T09:52:03.000,DPR,Root/Sewer/Sidewalk Condition,Trees and Sidewalks Program,11370,QUEENS,40.76962556202558,-73.89361754961682,Closed,"NYC Parks inspected and determined this site does not rate high enough to be repaired by NYC Parks at this time.   We understand conditions may become worse over time. In three years, you may submit a service request via 311, the Parks website, or NYC Tree Map for a new inspection.   You can repair the sidewalk yourself by hiring an independent contractor. The contractor must complete a Tree Work Permit application on the NYC Parks website."
65236834,2025-06-11T16:03:44.000,2025-12-22T10:51:57.000,DPR,Root/Sewer/Sidewalk Condition,Trees and Sidewalks Program,11412,QUEENS,40.696981131714544,-73.75431404691346,Closed,"NYC Parks inspected the requested repair site. This site meets the criteria for repair under the Trees & Sidewalks Program. The timeframe for repair work depends on available funding for the program, the severity of damage, and the other sidewalk requests in the surrounding district."
65243695,2025-06-12T13:25:05.000,2025-12-22T10:51:57.000,DPR,Root/Sewer/Sidewalk Condition,Trees and Sidewalks Program,11412,QUEENS,40.696981131714544,-73.75431404691346,Closed,"NYC Parks inspected the requested repair site. This site meets the criteria for repair under the Trees & Sidewalks Program. The timeframe for repair work depends on available funding for the program, the severity of damage, and the other sidewalk requests in the surrounding district."
65249994,2025-06-12T13:22:01.000,2025-12-22T10:51:58.000,DPR,Root/Sewer/Sidewalk Condition,Trees and Sidewalks Program,11412,QUEENS,40.696981131714544,-73.75431404691346,Closed,"NYC Parks inspected the requested repair site. This site meets the criteria for repair under the Trees & Sidewalks Program. The timeframe for repair work depends on available funding for the program, the severity of damage, and the other sidewalk requests in the surrounding district."
65253842,2025-06-13T12:27:24.000,2025-12-18T15:42:02.000,DPR,Root/Sewer/Sidewalk Condition,Trees and Sidewalks Program,11361,QUEENS,40.75768785245542,-73.77621330067188,Closed,"NYC Parks inspected the requested repair site. This site meets the criteria for repair under the Trees & Sidewalks Program. The timeframe for repair work depends on available funding for the program, the severity of damage, and the other sidewalk requests in the surrounding district."
65255152,2025-06-13T17:51:04.000,2025-12-18T15:45:10.000,DPR,Root/Sewer/Sidewalk Condition,Trees and Sidewalks Program,11364,QUEENS,40.75547404032668,-73.76308949383514,Closed,"NYC Parks inspected the requested repair site. This site meets the criteria for repair under the Trees & Sidewalks Program. The timeframe for repair work depends on available funding for the program, the severity of damage, and the other sidewalk requests in the surrounding district."
65261449,2025-06-13T14:30:59.000,2025-12-18T13:34:29.000,DPR,Root/Sewer/Sidewalk Condition,Trees and Sidewalks Program,11420,QUEENS,40.67447899964622,-73.80742050584892,Closed,"NYC Parks inspected the requested repair site. This site meets the criteria for repair under the Trees & Sidewalks Program. The timeframe for repair work depends on available funding for the program, the severity of damage, and the other sidewalk requests in the surrounding district."
67230971,2025-12-18T15:53:00.000,2025-12-18T18:20:00.000,DEP,Sewer,Sewer Backup (Use Comments) (SA),11411,QUEENS,40.70010516910711,-73.72885525770658,Closed,The Department of Environmental Protection investigated this complaint and found there was no sewer back up in the city system at the time of the inspection.
67548541,2026-01-20T06:05:00.000,2026-01-20T11:00:00.000,DEP,Sewer,Sewer Backup (Use Comments) (SA),11372,QUEENS,40.75419099501903,-73.8841819908871,Closed,"The Department of Environmental Protection has investigated this complaint. Upon investigation, there was no indication of a city sewer issue and there is a suspected sewer backup due to an internal plumbing issue."
67548542,2026-01-20T21:59:00.000,2026-01-21T05:55:00.000,DEP,Sewer,Sewer Backup (Use Comments) (SA),11366,QUEENS,40.731700603121,-73.78639626021618,Closed,The Department of Environmental Protection investigated this complaint and found there was no sewer back up in the city system at the time of the inspection.
65280920,2025-06-16T15:01:31.000,2025-12-18T15:19:43.000,DPR,Root/Sewer/Sidewalk Condition,Trees and Sidewalks Program,11364,QUEENS,40.734940590393215,-73.756555599284,Closed,"NYC Parks inspected and determined this site does not rate high enough to be repaired by NYC Parks at this time.   We understand conditions may become worse over time. In three years, you may submit a service request via 311, the Parks website, or NYC Tree Map for a new inspection.   You can repair the sidewalk yourself by hiring an independent contractor. The contractor must complete a Tree Work Permit application on the NYC Parks website."
65834709,2025-08-12T16:59:32.000,2025-12-31T12:35:26.000,DPR,Root/Sewer/Sidewalk Condition,Trees and Sidewalks Program,11432,QUEENS,40.71504862743155,-73.79421609207404,Closed,"NYC Parks inspected and determined this site does not rate high enough to be repaired by NYC Parks at this time.   We understand conditions may become worse over time. In three years, you may submit a service request via 311, the Parks website, or NYC Tree Map for a new inspection.   You can repair the sidewalk yourself by hiring an independent contractor. The contractor must complete a Tree Work Permit application on the NYC Parks website."
65835876,2025-08-12T11:45:42.000,2025-12-31T11:36:27.000,DPR,Root/Sewer/Sidewalk Condition,Trees and Sidewalks Program,11434,QUEENS,40.679855957055985,-73.79162787021153,Closed,"NYC Parks inspected and determined this site does not rate high enough to be repaired by NYC Parks at this time.   We understand conditions may become worse over time. In three years, you may submit a service request via 311, the Parks website, or NYC Tree Map for a new inspection.   You can repair the sidewalk yourself by hiring an independent contractor. The contractor must complete a Tree Work Permit application on the NYC Parks website."
65295363,2025-06-17T10:59:52.000,2025-12-22T10:08:21.000,DPR,Root/Sewer/Sidewalk Condition,Trees and Sidewalks Program,11434,QUEENS,40.668276214655705,-73.77026626179291,Closed,NYC Parks inspected and determined that the site is ineligible for the Trees and Sidewalks Program because of one or more of the following reasons:  - The property adjacent to the sidewalk is not in Tax Class 1 - The property adjacent to the sidewalk is not owner-occupied - The property adjacent to the sidewalk contains a place of business  You can repair the sidewalk yourself by hiring an independent contractor. The contractor must complete a Tree Work Permit application on the NYC Parks website.
67550174,2026-01-20T21:50:00.000,2026-01-21T05:20:00.000,DEP,Sewer,Sewer Backup (Use Comments) (SA),11364,QUEENS,40.75254127959339,-73.76242859240348,Closed,The Department of Environmental Protection investigated this complaint and found there was no sewer back up in the city system at the time of the inspection.
67550176,2026-01-20T16:08:00.000,2026-01-20T17:20:00.000,DEP,Sewer,Sewer Backup (Use Comments) (SA),11412,QUEENS,40.69297156223182,-73.76242087757593,Closed,"The Department of Environmental Protection has investigated this complaint. Upon investigation, there was no indication of a city sewer issue and there is a suspected sewer backup due to an internal plumbing issue."
65313096,2025-06-19T11:24:37.000,2025-12-18T14:14:32.000,DPR,Root/Sewer/Sidewalk Condition,Trees and Sidewalks Program,11420,QUEENS,40.67582387390229,-73.81921989281777,Closed,"NYC Parks inspected and determined this site does not rate high enough to be repaired by NYC Parks at this time.   We understand conditions may become worse over time. In three years, you may submit a service request via 311, the Parks website, or NYC Tree Map for a new inspection.   You can repair the sidewalk yourself by hiring an independent contractor. The contractor must complete a Tree Work Permit application on the NYC Parks website."
65314361,2025-06-20T08:56:35.000,2025-12-22T11:20:08.000,DPR,Root/Sewer/Sidewalk Condition,Trees and Sidewalks Program,11436,QUEENS,40.67200805275735,-73.79283120694261,Closed,"NYC Parks inspected and determined this site does not rate high enough to be repaired by NYC Parks at this time.   We understand conditions may become worse over time. In three years, you may submit a service request via 311, the Parks website, or NYC Tree Map for a new inspection.   You can repair the sidewalk yourself by hiring an independent contractor. The contractor must complete a Tree Work Permit application on the NYC Parks website."
65317064,2025-06-20T15:54:19.000,2025-12-18T12:55:36.000,DPR,Root/Sewer/Sidewalk Condition,Trees and Sidewalks Program,11420,QUEENS,40.67092733435112,-73.82463689101566,Closed,"NYC Parks inspected the requested repair site. This site meets the criteria for repair under the Trees & Sidewalks Program. The timeframe for repair work depends on available funding for the program, the severity of damage, and the other sidewalk requests in the surrounding district."
65325102,2025-06-21T07:39:04.000,2025-12-18T10:21:02.000,DPR,Root/Sewer/Sidewalk Condition,Trees and Sidewalks Program,11368,QUEENS,40.74409868976693,-73.85963053207765,Closed,"NYC Parks inspected the requested repair site. This site meets the criteria for repair under the Trees & Sidewalks Program. The timeframe for repair work depends on available funding for the program, the severity of damage, and the other sidewalk requests in the surrounding district."
65326430,2025-06-21T10:24:48.000,2025-12-24T14:26:15.000,DPR,Root/Sewer/Sidewalk Condition,Trees and Sidewalks Program,11418,QUEENS,40.69915799931872,-73.81624624312131,Closed,"NYC Parks inspected the requested repair site. This site meets the criteria for repair under the Trees & Sidewalks Program. However due to a high number of requests, they are only able to repair the very highest sites at this time, and your site has been waitlisted."
65348878,2025-06-23T18:45:27.000,2025-12-22T10:58:21.000,DPR,Root/Sewer/Sidewalk Condition,Trees and Sidewalks Program,11412,QUEENS,40.7067882341822,-73.7569072831688,Closed,"NYC Parks inspected and determined this site does not rate high enough to be repaired by NYC Parks at this time.   We understand conditions may become worse over time. In three years, you may submit a service request via 311, the Parks website, or NYC Tree Map for a new inspection.   You can repair the sidewalk yourself by hiring an independent contractor. The contractor must complete a Tree Work Permit application on the NYC Parks website."
65350224,2025-06-23T13:21:35.000,2025-12-22T11:55:32.000,DPR,Root/Sewer/Sidewalk Condition,Trees and Sidewalks Program,11434,QUEENS,40.66464063132567,-73.77647861312104,Closed,"NYC Parks inspected the requested repair site. This site meets the criteria for repair under the Trees & Sidewalks Program. The timeframe for repair work depends on available funding for the program, the severity of damage, and the other sidewalk requests in the surrounding district."
65363920,2025-06-24T13:29:38.000,2025-12-22T10:14:32.000,DPR,Root/Sewer/Sidewalk Condition,Trees and Sidewalks Program,11434,QUEENS,40.670900627535346,-73.77603586183608,Closed,"NYC Parks inspected the requested repair site. This site meets the criteria for repair under the Trees & Sidewalks Program. The timeframe for repair work depends on available funding for the program, the severity of damage, and the other sidewalk requests in the surrounding district."
67555101,2026-01-20T14:20:00.000,2026-01-20T16:45:00.000,DEP,Sewer,Sewer Backup (Use Comments) (SA),11420,QUEENS,40.676634775806214,-73.81141244426544,Closed,"The Department of Environmental Protection has investigated this complaint. Upon investigation, there was no indication of a city sewer issue and there is a suspected sewer backup due to an internal plumbing issue."
68191766,2026-03-03T07:50:00.000,2026-03-03T11:50:00.000,DEP,Sewer,Catch Basin Grating Missing (SA4),11434,QUEENS,40.67272403556107,-73.77367568095451,Closed,The Department of Environmental Protection has investigated this complaint and has performed repair work.
65370154,2025-06-25T15:58:08.000,2025-12-22T12:57:59.000,DPR,Root/Sewer/Sidewalk Condition,Trees and Sidewalks Program,11411,QUEENS,40.690361293301066,-73.73959372701393,Closed,"NYC Parks inspected and determined this site does not rate high enough to be repaired by NYC Parks at this time.   We understand conditions may become worse over time. In three years, you may submit a service request via 311, the Parks website, or NYC Tree Map for a new inspection.   You can repair the sidewalk yourself by hiring an independent contractor. The contractor must complete a Tree Work Permit application on the NYC Parks website."
65376142,2025-06-25T10:30:22.000,2025-12-18T15:13:39.000,DPR,Root/Sewer/Sidewalk Condition,Trees and Sidewalks Program,11427,QUEENS,40.73232792238879,-73.75933264566878,Closed,"NYC Parks inspected the requested repair site. This site meets the criteria for repair under the Trees & Sidewalks Program. The timeframe for repair work depends on available funding for the program, the severity of damage, and the other sidewalk requests in the surrounding district."
67556716,2026-01-21T09:53:00.000,2026-01-21T11:50:00.000,DEP,Sewer,Sewer Backup (Use Comments) (SA),11434,QUEENS,40.671972481757834,-73.76841861097715,Closed,"The Department of Environmental Protection has investigated this complaint. Upon investigation, there was no indication of a city sewer issue and there is a suspected sewer backup due to an internal plumbing issue."
